applicant_id,offered_training
JB000001,1
JB000002,1
JB000003,0
JB000004,0
JB000005,1
JB000006,0
JB000007,1
JB000008,1
JB000009,1
JB000010,1
JB000011,1
JB000012,1
JB000013,0
JB000014,0
JB000015,0
JB000016,1
JB000017,0
JB000018,1
JB000019,0
JB000020,0
JB000021,0
JB000022,0
JB000023,1
JB000024,1
JB000025,0
JB000026,1
JB000027,0
JB000028,1
JB000029,0
JB000030,1
JB000031,1
JB000032,0
JB000033,0
JB000034,0
JB000035,0
JB000036,0
JB000037,1
JB000038,1
JB000039,0
JB000040,0
JB000041,0
JB000042,0
JB000043,1
JB000044,1
JB000045,0
JB000046,1
JB000047,1
JB000048,0
JB000049,0
JB000050,0
JB000051,0
JB000052,1
JB000053,1
JB000054,1
JB000055,1
JB000056,0
JB000057,0
JB000058,0
JB000059,1
JB000060,1
JB000061,1
JB000062,1
JB000063,0
JB000064,0
JB000065,0
JB000066,0
JB000067,1
JB000068,0
JB000069,0
JB000070,1
JB000071,1
JB000072,0
JB000073,1
JB000074,1
JB000075,0
JB000076,1
JB000077,0
JB000078,1
JB000079,1
JB000080,1
JB000081,1
JB000082,1
JB000083,1
JB000084,0
JB000085,0
JB000086,0
JB000087,0
JB000088,1
JB000089,0
JB000090,0
JB000091,1
JB000092,1
JB000093,1
JB000094,0
JB000095,1
JB000096,1
JB000097,1
JB000098,0
JB000099,1
JB000100,0
JB000101,1
JB000102,0
JB000103,0
JB000104,0
JB000105,1
JB000106,1
JB000107,1
JB000108,1
JB000109,0
JB000110,0
JB000111,0
JB000112,1
JB000113,0
JB000114,1
JB000115,0
JB000116,0
JB000117,0
JB000118,0
JB000119,1
JB000120,1
JB000121,1
JB000122,1
JB000123,0
JB000124,0
JB000125,0
JB000126,0
JB000127,1
JB000128,1
JB000129,1
JB000130,0
JB000131,1
JB000132,0
JB000133,1
JB000134,0
JB000135,0
JB000136,0
JB000137,1
JB000138,1
JB000139,1
JB000140,0
JB000141,0
JB000142,0
JB000143,0
JB000144,1
JB000145,1
JB000146,1
JB000147,1
JB000148,1
JB000149,1
JB000150,1
JB000151,1
JB000152,0
JB000153,1
JB000154,0
JB000155,1
JB000156,0
JB000157,0
JB000158,1
JB000159,1
JB000160,0
JB000161,0
JB000162,0
JB000163,1
JB000164,0
JB000165,0
JB000166,1
JB000167,1
JB000168,1
JB000169,0
JB000170,1
JB000171,1
JB000172,0
JB000173,1
JB000174,0
JB000175,0
JB000176,1
JB000177,0
JB000178,0
JB000179,1
JB000180,0
JB000181,1
JB000182,1
JB000183,1
JB000184,1
JB000185,1
JB000186,0
JB000187,0
JB000188,1
JB000189,0
JB000190,0
JB000191,1
JB000192,0
JB000193,1
JB000194,1
JB000195,0
JB000196,0
JB000197,0
JB000198,1
JB000199,0
JB000200,0
JB000201,1
JB000202,0
JB000203,1
JB000204,1
JB000205,1
JB000206,1
JB000207,0
JB000208,0
JB000209,1
JB000210,0
JB000211,0
JB000212,0
JB000213,1
JB000214,0
JB000215,0
JB000216,0
JB000217,0
JB000218,0
JB000219,1
JB000220,1
JB000221,0
JB000222,0
JB000223,1
JB000224,1
JB000225,1
JB000226,1
JB000227,0
JB000228,0
JB000229,1
JB000230,0
JB000231,1
JB000232,1
JB000233,1
JB000234,1
JB000235,1
JB000236,0
JB000237,1
JB000238,1
JB000239,1
JB000240,1
JB000241,1
JB000242,1
JB000243,1
JB000244,0
JB000245,1
JB000246,1
JB000247,0
JB000248,0
JB000249,1
JB000250,0
JB000251,1
JB000252,0
JB000253,0
JB000254,1
JB000255,1
JB000256,1
JB000257,0
JB000258,0
JB000259,1
JB000260,0
JB000261,1
JB000262,1
JB000263,0
JB000264,0
JB000265,0
JB000266,0
JB000267,1
JB000268,1
JB000269,1
JB000270,1
JB000271,0
JB000272,1
JB000273,0
JB000274,0
JB000275,0
JB000276,0
JB000277,0
JB000278,1
JB000279,1
JB000280,0
JB000281,1
JB000282,1
JB000283,1
JB000284,1
JB000285,1
JB000286,1
JB000287,1
JB000288,1
JB000289,0
JB000290,0
JB000291,1
JB000292,1
JB000293,1
JB000294,0
JB000295,1
JB000296,1
JB000297,1
JB000298,1
JB000299,0
JB000300,1
JB000301,0
JB000302,0
JB000303,1
JB000304,1
JB000305,0
JB000306,0
JB000307,0
JB000308,1
JB000309,0
JB000310,0
JB000311,1
JB000312,1
JB000313,1
JB000314,1
JB000315,1
JB000316,0
JB000317,1
JB000318,0
JB000319,0
JB000320,0
JB000321,1
JB000322,0
JB000323,0
JB000324,1
JB000325,0
JB000326,1
JB000327,1
JB000328,1
JB000329,1
JB000330,1
JB000331,1
JB000332,0
JB000333,0
JB000334,0
JB000335,1
JB000336,0
JB000337,0
JB000338,0
JB000339,0
JB000340,0
JB000341,0
JB000342,0
JB000343,0
JB000344,1
JB000345,0
JB000346,0
JB000347,0
JB000348,1
JB000349,0
JB000350,1
JB000351,0
JB000352,0
JB000353,1
JB000354,1
JB000355,0
JB000356,0
JB000357,0
JB000358,0
JB000359,1
JB000360,1
JB000361,0
JB000362,1
JB000363,1
JB000364,1
JB000365,0
JB000366,0
JB000367,0
JB000368,1
JB000369,1
JB000370,0
JB000371,1
JB000372,0
JB000373,1
JB000374,0
JB000375,1
JB000376,0
JB000377,0
JB000378,1
JB000379,0
JB000380,0
JB000381,0
JB000382,0
JB000383,0
JB000384,1
JB000385,1
JB000386,0
JB000387,0
JB000388,1
JB000389,1
JB000390,1
JB000391,0
JB000392,0
JB000393,1
JB000394,0
JB000395,1
JB000396,1
JB000397,0
JB000398,1
JB000399,1
JB000400,1
JB000401,1
JB000402,0
JB000403,0
JB000404,0
JB000405,0
JB000406,0
JB000407,0
JB000408,0
JB000409,0
JB000410,0
JB000411,0
JB000412,1
JB000413,0
JB000414,1
JB000415,0
JB000416,1
JB000417,1
JB000418,1
JB000419,0
JB000420,0
JB000421,1
JB000422,0
JB000423,0
JB000424,0
JB000425,1
JB000426,0
JB000427,0
JB000428,0
JB000429,0
JB000430,0
JB000431,1
JB000432,0
JB000433,0
JB000434,0
JB000435,0
JB000436,1
JB000437,0
JB000438,0
JB000439,1
JB000440,0
JB000441,0
JB000442,1
JB000443,0
JB000444,1
JB000445,0
JB000446,0
JB000447,1
JB000448,1
JB000449,0
JB000450,1
JB000451,0
JB000452,0
JB000453,1
JB000454,1
JB000455,1
JB000456,1
JB000457,1
JB000458,1
JB000459,0
JB000460,1
JB000461,1
JB000462,1
JB000463,0
JB000464,1
JB000465,1
JB000466,0
JB000467,0
JB000468,0
JB000469,1
JB000470,1
JB000471,1
JB000472,0
JB000473,1
JB000474,1
JB000475,0
JB000476,0
JB000477,0
JB000478,1
JB000479,0
JB000480,1
JB000481,0
JB000482,1
JB000483,1
JB000484,0
JB000485,1
JB000486,1
JB000487,0
JB000488,1
JB000489,1
JB000490,1
JB000491,0
JB000492,1
JB000493,0
JB000494,0
JB000495,0
JB000496,0
JB000497,0
JB000498,1
JB000499,0
JB000500,1
JB000501,1
JB000502,0
JB000503,0
JB000504,0
JB000505,1
JB000506,1
JB000507,0
JB000508,1
JB000509,1
JB000510,1
JB000511,0
JB000512,0
JB000513,0
JB000514,0
JB000515,1
JB000516,1
JB000517,1
JB000518,0
JB000519,1
JB000520,0
JB000521,1
JB000522,1
JB000523,0
JB000524,0
JB000525,1
JB000526,0
JB000527,0
JB000528,0
JB000529,0
JB000530,1
JB000531,0
JB000532,1
JB000533,1
JB000534,0
JB000535,1
JB000536,1
JB000537,0
JB000538,0
JB000539,0
JB000540,1
JB000541,1
JB000542,1
JB000543,1
JB000544,1
JB000545,1
JB000546,0
JB000547,1
JB000548,1
JB000549,0
JB000550,1
JB000551,0
JB000552,1
JB000553,0
JB000554,1
JB000555,0
JB000556,1
JB000557,0
JB000558,0
JB000559,1
JB000560,0
JB000561,0
JB000562,1
JB000563,0
JB000564,0
JB000565,1
JB000566,1
JB000567,1
JB000568,0
JB000569,0
JB000570,0
JB000571,0
JB000572,1
JB000573,1
JB000574,1
JB000575,1
JB000576,0
JB000577,0
JB000578,1
JB000579,0
JB000580,0
JB000581,0
JB000582,0
JB000583,1
JB000584,1
JB000585,0
JB000586,1
JB000587,1
JB000588,1
JB000589,0
JB000590,0
JB000591,1
JB000592,0
JB000593,0
JB000594,1
JB000595,1
JB000596,1
JB000597,1
JB000598,1
JB000599,0
JB000600,0
JB000601,1
JB000602,0
JB000603,0
JB000604,1
JB000605,1
JB000606,0
JB000607,0
JB000608,1
JB000609,1
JB000610,0
JB000611,1
JB000612,1
JB000613,1
JB000614,0
JB000615,1
JB000616,0
JB000617,0
JB000618,0
JB000619,1
JB000620,1
JB000621,1
JB000622,1
JB000623,0
JB000624,0
JB000625,0
JB000626,1
JB000627,0
JB000628,0
JB000629,1
JB000630,1
JB000631,0
JB000632,1
JB000633,1
JB000634,0
JB000635,0
JB000636,1
JB000637,0
JB000638,1
JB000639,0
JB000640,1
JB000641,0
JB000642,0
JB000643,1
JB000644,0
JB000645,0
JB000646,0
JB000647,0
JB000648,1
JB000649,0
JB000650,0
JB000651,1
JB000652,0
JB000653,1
JB000654,1
JB000655,0
JB000656,1
JB000657,0
JB000658,0
JB000659,1
JB000660,1
JB000661,1
JB000662,1
JB000663,1
JB000664,1
JB000665,1
JB000666,0
JB000667,0
JB000668,1
JB000669,1
JB000670,1
JB000671,0
JB000672,0
JB000673,0
JB000674,1
JB000675,0
JB000676,1
JB000677,1
JB000678,0
JB000679,1
JB000680,1
JB000681,0
JB000682,1
JB000683,1
JB000684,0
JB000685,1
JB000686,0
JB000687,1
JB000688,1
JB000689,0
JB000690,0
JB000691,1
JB000692,1
JB000693,0
JB000694,0
JB000695,1
JB000696,0
JB000697,1
JB000698,1
JB000699,0
JB000700,1
JB000701,0
JB000702,0
JB000703,1
JB000704,1
JB000705,0
JB000706,1
JB000707,0
JB000708,0
JB000709,1
JB000710,0
JB000711,0
JB000712,0
JB000713,0
JB000714,1
JB000715,0
JB000716,1
JB000717,1
JB000718,1
JB000719,0
JB000720,0
JB000721,1
JB000722,0
JB000723,1
JB000724,1
JB000725,0
JB000726,0
JB000727,0
JB000728,0
JB000729,1
JB000730,1
JB000731,1
JB000732,1
JB000733,1
JB000734,0
JB000735,0
JB000736,1
JB000737,0
JB000738,1
JB000739,0
JB000740,1
JB000741,0
JB000742,1
JB000743,0
JB000744,1
JB000745,0
JB000746,1
JB000747,0
JB000748,1
JB000749,1
JB000750,0
JB000751,1
JB000752,0
JB000753,0
JB000754,1
JB000755,0
JB000756,0
JB000757,1
JB000758,0
JB000759,0
JB000760,1
JB000761,1
JB000762,1
JB000763,0
JB000764,1
JB000765,0
JB000766,1
JB000767,0
JB000768,1
JB000769,1
JB000770,1
JB000771,1
JB000772,1
JB000773,1
JB000774,1
JB000775,0
JB000776,0
JB000777,1
JB000778,0
JB000779,0
JB000780,1
JB000781,0
JB000782,1
JB000783,0
JB000784,1
JB000785,0
JB000786,0
JB000787,1
JB000788,1
JB000789,1
JB000790,0
JB000791,0
JB000792,0
JB000793,0
JB000794,1
JB000795,1
JB000796,1
JB000797,0
JB000798,1
JB000799,1
JB000800,1
JB000801,0
JB000802,1
JB000803,0
JB000804,0
JB000805,0
JB000806,0
JB000807,1
JB000808,1
JB000809,0
JB000810,0
JB000811,1
JB000812,1
JB000813,1
JB000814,1
JB000815,0
JB000816,0
JB000817,1
JB000818,0
JB000819,1
JB000820,0
JB000821,0
JB000822,1
JB000823,1
JB000824,1
JB000825,0
JB000826,0
JB000827,0
JB000828,0
JB000829,0
JB000830,0
JB000831,1
JB000832,0
JB000833,1
JB000834,1
JB000835,1
JB000836,0
JB000837,0
JB000838,1
JB000839,0
JB000840,1
JB000841,0
JB000842,1
JB000843,1
JB000844,0
JB000845,0
JB000846,0
JB000847,1
JB000848,1
JB000849,0
JB000850,0
JB000851,0
JB000852,1
JB000853,0
JB000854,0
JB000855,1
JB000856,1
JB000857,0
JB000858,0
JB000859,0
JB000860,0
JB000861,0
JB000862,0
JB000863,0
JB000864,1
JB000865,1
JB000866,0
JB000867,0
JB000868,1
JB000869,1
JB000870,0
JB000871,0
JB000872,1
JB000873,1
JB000874,0
JB000875,0
JB000876,1
JB000877,0
JB000878,1
JB000879,1
JB000880,0
JB000881,1
JB000882,1
JB000883,1
JB000884,1
JB000885,0
JB000886,1
JB000887,1
JB000888,1
JB000889,0
JB000890,1
JB000891,1
JB000892,1
JB000893,0
JB000894,0
JB000895,0
JB000896,0
JB000897,0
JB000898,0
JB000899,1
JB000900,0
JB000901,1
JB000902,1
JB000903,1
JB000904,1
JB000905,0
JB000906,1
JB000907,1
JB000908,1
JB000909,0
JB000910,1
JB000911,0
JB000912,0
JB000913,1
JB000914,0
JB000915,1
JB000916,1
JB000917,0
JB000918,1
JB000919,0
JB000920,1
JB000921,1
JB000922,1
JB000923,1
JB000924,1
JB000925,1
JB000926,1
JB000927,1
JB000928,0
JB000929,0
JB000930,0
JB000931,1
JB000932,0
JB000933,0
JB000934,0
JB000935,0
JB000936,0
JB000937,0
JB000938,1
JB000939,1
JB000940,0
JB000941,0
JB000942,0
JB000943,0
JB000944,1
JB000945,0
JB000946,1
JB000947,0
JB000948,1
JB000949,0
JB000950,0
JB000951,0
JB000952,1
JB000953,0
JB000954,0
JB000955,0
JB000956,0
JB000957,1
JB000958,0
JB000959,0
JB000960,1
JB000961,1
JB000962,1
JB000963,1
JB000964,1
JB000965,0
JB000966,1
JB000967,1
JB000968,1
JB000969,1
JB000970,1
JB000971,0
JB000972,0
JB000973,0
JB000974,1
JB000975,0
JB000976,1
JB000977,0
JB000978,0
JB000979,0
JB000980,1
JB000981,0
JB000982,1
JB000983,0
JB000984,0
JB000985,0
JB000986,0
JB000987,0
JB000988,0
JB000989,0
JB000990,0
JB000991,1
JB000992,1
JB000993,0
JB000994,1
JB000995,1
JB000996,0
JB000997,0
JB000998,0
JB000999,0
JB001000,0
JB001001,0
JB001002,1
JB001003,0
JB001004,0
JB001005,1
JB001006,0
JB001007,1
JB001008,0
JB001009,1
JB001010,0
JB001011,0
JB001012,1
JB001013,1
JB001014,0
JB001015,1
JB001016,0
JB001017,0
JB001018,0
JB001019,1
JB001020,1
JB001021,1
JB001022,0
JB001023,0
JB001024,1
JB001025,1
JB001026,0
JB001027,1
JB001028,0
JB001029,0
JB001030,1
JB001031,1
JB001032,1
JB001033,1
JB001034,1
JB001035,0
JB001036,1
JB001037,0
JB001038,1
JB001039,0
JB001040,1
JB001041,1
JB001042,1
JB001043,1
JB001044,0
JB001045,0
JB001046,1
JB001047,1
JB001048,0
JB001049,0
JB001050,1
JB001051,1
JB001052,0
JB001053,0
JB001054,0
JB001055,0
JB001056,0
JB001057,0
JB001058,1
JB001059,1
JB001060,0
JB001061,0
JB001062,0
JB001063,1
JB001064,0
JB001065,0
JB001066,0
JB001067,1
JB001068,1
JB001069,0
JB001070,0
JB001071,0
JB001072,0
JB001073,1
JB001074,1
JB001075,0
JB001076,0
JB001077,1
JB001078,1
JB001079,0
JB001080,1
JB001081,1
JB001082,1
JB001083,1
JB001084,0
JB001085,0
JB001086,1
JB001087,1
JB001088,1
JB001089,1
JB001090,1
JB001091,0
JB001092,1
JB001093,0
JB001094,0
JB001095,0
JB001096,0
JB001097,1
JB001098,1
JB001099,1
JB001100,1
JB001101,1
JB001102,1
JB001103,1
JB001104,1
JB001105,0
JB001106,1
JB001107,1
JB001108,1
JB001109,1
JB001110,0
JB001111,1
JB001112,0
JB001113,1
JB001114,1
JB001115,1
JB001116,0
JB001117,0
JB001118,1
JB001119,1
JB001120,0
JB001121,0
JB001122,1
JB001123,1
JB001124,1
JB001125,0
JB001126,1
JB001127,0
JB001128,1
JB001129,0
JB001130,1
JB001131,0
JB001132,0
JB001133,0
JB001134,1
JB001135,1
JB001136,1
JB001137,0
JB001138,1
JB001139,1
JB001140,0
JB001141,0
JB001142,1
JB001143,0
JB001144,0
JB001145,0
JB001146,0
JB001147,1
JB001148,1
JB001149,1
JB001150,0
JB001151,0
JB001152,1
JB001153,1
JB001154,0
JB001155,1
JB001156,0
JB001157,1
JB001158,0
JB001159,1
JB001160,0
JB001161,0
JB001162,0
JB001163,0
JB001164,0
JB001165,0
JB001166,1
JB001167,0
JB001168,0
JB001169,1
JB001170,0
JB001171,1
JB001172,1
JB001173,1
JB001174,1
JB001175,1
JB001176,1
JB001177,1
JB001178,0
JB001179,0
JB001180,1
JB001181,1
JB001182,1
JB001183,0
JB001184,1
JB001185,0
JB001186,0
JB001187,0
JB001188,0
JB001189,0
JB001190,1
JB001191,1
JB001192,0
JB001193,0
JB001194,0
JB001195,0
JB001196,1
JB001197,1
JB001198,0
JB001199,1
JB001200,1
JB001201,1
JB001202,0
JB001203,1
JB001204,0
JB001205,1
JB001206,0
JB001207,0
JB001208,0
JB001209,1
JB001210,0
JB001211,0
JB001212,1
JB001213,0
JB001214,1
JB001215,0
JB001216,1
JB001217,0
JB001218,1
JB001219,0
JB001220,0
JB001221,0
JB001222,0
JB001223,1
JB001224,1
JB001225,1
JB001226,0
JB001227,1
JB001228,1
JB001229,0
JB001230,0
JB001231,1
JB001232,0
JB001233,0
JB001234,1
JB001235,1
JB001236,0
JB001237,1
JB001238,0
JB001239,0
JB001240,0
JB001241,1
JB001242,1
JB001243,0
JB001244,0
JB001245,0
JB001246,1
JB001247,0
JB001248,1
JB001249,0
JB001250,1
JB001251,1
JB001252,1
JB001253,1
JB001254,1
JB001255,0
JB001256,0
JB001257,1
JB001258,0
JB001259,1
JB001260,1
JB001261,0
JB001262,0
JB001263,0
JB001264,1
JB001265,1
JB001266,1
JB001267,0
JB001268,0
JB001269,0
JB001270,0
JB001271,0
JB001272,0
JB001273,0
JB001274,0
JB001275,1
JB001276,1
JB001277,1
JB001278,1
JB001279,0
JB001280,0
JB001281,0
JB001282,1
JB001283,0
JB001284,0
JB001285,1
JB001286,0
JB001287,0
JB001288,0
JB001289,1
JB001290,0
JB001291,0
JB001292,1
JB001293,0
JB001294,0
JB001295,1
JB001296,0
JB001297,1
JB001298,0
JB001299,0
JB001300,0
JB001301,0
JB001302,0
JB001303,0
JB001304,0
JB001305,0
JB001306,1
JB001307,1
JB001308,1
JB001309,0
JB001310,0
JB001311,0
JB001312,0
JB001313,1
JB001314,0
JB001315,1
JB001316,0
JB001317,0
JB001318,0
JB001319,0
JB001320,0
JB001321,1
JB001322,0
JB001323,1
JB001324,1
JB001325,0
JB001326,1
JB001327,1
JB001328,0
JB001329,0
JB001330,0
JB001331,0
JB001332,1
JB001333,0
JB001334,0
JB001335,1
JB001336,0
JB001337,1
JB001338,1
JB001339,1
JB001340,0
JB001341,0
JB001342,0
JB001343,0
JB001344,1
JB001345,0
JB001346,1
JB001347,1
JB001348,0
JB001349,1
JB001350,0
JB001351,0
JB001352,1
JB001353,1
JB001354,1
JB001355,1
JB001356,1
JB001357,0
JB001358,1
JB001359,0
JB001360,1
JB001361,1
JB001362,0
JB001363,1
JB001364,1
JB001365,1
JB001366,1
JB001367,0
JB001368,0
JB001369,1
JB001370,0
JB001371,0
JB001372,1
JB001373,0
JB001374,1
JB001375,1
JB001376,1
JB001377,1
JB001378,0
JB001379,1
JB001380,1
JB001381,0
JB001382,0
JB001383,1
JB001384,1
JB001385,1
JB001386,0
JB001387,0
JB001388,0
JB001389,1
JB001390,0
JB001391,1
JB001392,0
JB001393,0
JB001394,1
JB001395,0
JB001396,1
JB001397,1
JB001398,1
JB001399,1
JB001400,1
JB001401,0
JB001402,1
JB001403,1
JB001404,1
JB001405,1
JB001406,0
JB001407,1
JB001408,0
JB001409,1
JB001410,0
JB001411,1
JB001412,1
JB001413,0
JB001414,0
JB001415,0
JB001416,1
JB001417,1
JB001418,0
JB001419,1
JB001420,0
JB001421,1
JB001422,0
JB001423,1
JB001424,0
JB001425,0
JB001426,1
JB001427,0
JB001428,1
JB001429,1
JB001430,1
JB001431,1
JB001432,1
JB001433,1
JB001434,0
JB001435,0
JB001436,1
JB001437,0
JB001438,0
JB001439,1
JB001440,1
JB001441,1
JB001442,0
JB001443,0
JB001444,1
JB001445,0
JB001446,0
JB001447,1
JB001448,0
JB001449,1
JB001450,0
JB001451,1
JB001452,1
JB001453,0
JB001454,1
JB001455,0
JB001456,1
JB001457,1
JB001458,1
JB001459,0
JB001460,1
JB001461,0
JB001462,1
JB001463,1
JB001464,0
JB001465,1
JB001466,1
JB001467,1
JB001468,1
JB001469,0
JB001470,0
JB001471,0
JB001472,0
JB001473,0
JB001474,1
JB001475,1
JB001476,0
JB001477,1
JB001478,1
JB001479,0
JB001480,0
JB001481,1
JB001482,0
JB001483,0
JB001484,1
JB001485,1
JB001486,1
JB001487,0
JB001488,1
JB001489,1
JB001490,1
JB001491,1
JB001492,0
JB001493,1
JB001494,0
JB001495,0
JB001496,1
JB001497,1
JB001498,0
JB001499,1
JB001500,1
JB001501,0
JB001502,0
JB001503,0
JB001504,1
JB001505,0
JB001506,0
JB001507,1
JB001508,0
JB001509,0
JB001510,1
JB001511,0
JB001512,1
JB001513,0
JB001514,1
JB001515,0
JB001516,0
JB001517,1
JB001518,0
JB001519,0
JB001520,1
JB001521,1
JB001522,0
JB001523,1
JB001524,0
JB001525,1
JB001526,0
JB001527,0
JB001528,0
JB001529,0
JB001530,1
JB001531,0
JB001532,0
JB001533,1
JB001534,0
JB001535,0
JB001536,1
JB001537,0
JB001538,1
JB001539,1
JB001540,0
JB001541,1
JB001542,0
JB001543,0
JB001544,1
JB001545,0
JB001546,0
JB001547,1
JB001548,1
JB001549,0
JB001550,1
JB001551,0
JB001552,0
JB001553,1
JB001554,0
JB001555,1
JB001556,1
JB001557,1
JB001558,0
JB001559,0
JB001560,1
JB001561,0
JB001562,0
JB001563,0
JB001564,1
JB001565,0
JB001566,0
JB001567,0
JB001568,1
JB001569,1
JB001570,0
JB001571,1
JB001572,0
JB001573,1
JB001574,1
JB001575,0
JB001576,0
JB001577,1
JB001578,1
JB001579,0
JB001580,0
JB001581,1
JB001582,1
JB001583,0
JB001584,0
JB001585,1
JB001586,1
JB001587,1
JB001588,0
JB001589,0
JB001590,0
JB001591,0
JB001592,1
JB001593,0
JB001594,0
JB001595,0
JB001596,0
JB001597,1
JB001598,1
JB001599,0
JB001600,1
JB001601,0
JB001602,0
JB001603,1
JB001604,1
JB001605,0
JB001606,0
JB001607,1
JB001608,1
JB001609,0
JB001610,0
JB001611,1
JB001612,0
JB001613,0
JB001614,1
JB001615,1
JB001616,1
JB001617,0
JB001618,1
JB001619,0
JB001620,1
JB001621,0
JB001622,1
JB001623,1
JB001624,0
JB001625,1
JB001626,1
JB001627,1
JB001628,0
JB001629,1
JB001630,1
JB001631,1
JB001632,0
JB001633,1
JB001634,0
JB001635,1
JB001636,0
JB001637,0
JB001638,1
JB001639,1
JB001640,0
JB001641,1
JB001642,1
JB001643,1
JB001644,1
JB001645,1
JB001646,1
JB001647,1
JB001648,1
JB001649,1
JB001650,1
JB001651,0
JB001652,1
JB001653,0
JB001654,1
JB001655,0
JB001656,0
JB001657,1
JB001658,1
JB001659,1
JB001660,0
JB001661,1
JB001662,1
JB001663,1
JB001664,0
JB001665,1
JB001666,1
JB001667,1
JB001668,0
JB001669,0
JB001670,1
JB001671,1
JB001672,1
JB001673,0
JB001674,0
JB001675,0
JB001676,1
JB001677,0
JB001678,1
JB001679,1
JB001680,1
JB001681,1
JB001682,1
JB001683,1
JB001684,0
JB001685,1
JB001686,0
JB001687,0
JB001688,1
JB001689,1
JB001690,0
JB001691,0
JB001692,0
JB001693,0
JB001694,0
JB001695,1
JB001696,0
JB001697,0
JB001698,1
JB001699,1
JB001700,0
JB001701,1
JB001702,1
JB001703,0
JB001704,1
JB001705,0
JB001706,1
JB001707,0
JB001708,0
JB001709,1
JB001710,1
JB001711,1
JB001712,1
JB001713,1
JB001714,0
JB001715,0
JB001716,0
JB001717,1
JB001718,1
JB001719,0
JB001720,1
JB001721,0
JB001722,1
JB001723,1
JB001724,0
JB001725,1
JB001726,1
JB001727,0
JB001728,1
JB001729,1
JB001730,0
JB001731,0
JB001732,0
JB001733,1
JB001734,1
JB001735,1
JB001736,1
JB001737,0
JB001738,0
JB001739,0
JB001740,0
JB001741,0
JB001742,1
JB001743,1
JB001744,1
JB001745,1
JB001746,0
JB001747,0
JB001748,0
JB001749,0
JB001750,1
JB001751,0
JB001752,0
JB001753,1
JB001754,1
JB001755,1
JB001756,1
JB001757,1
JB001758,0
JB001759,0
JB001760,1
JB001761,1
JB001762,0
JB001763,1
JB001764,0
JB001765,0
JB001766,1
JB001767,0
JB001768,0
JB001769,1
JB001770,1
JB001771,1
JB001772,1
JB001773,0
JB001774,0
JB001775,0
JB001776,1
JB001777,0
JB001778,1
JB001779,1
JB001780,0
JB001781,1
JB001782,0
JB001783,0
JB001784,0
JB001785,0
JB001786,0
JB001787,0
JB001788,1
JB001789,0
JB001790,0
JB001791,1
JB001792,0
JB001793,0
JB001794,1
JB001795,0
JB001796,0
JB001797,1
JB001798,1
JB001799,1
JB001800,0
JB001801,0
JB001802,1
JB001803,1
JB001804,1
JB001805,0
JB001806,0
JB001807,0
JB001808,1
JB001809,1
JB001810,1
JB001811,1
JB001812,1
JB001813,0
JB001814,1
JB001815,0
JB001816,1
JB001817,0
JB001818,1
JB001819,1
JB001820,0
JB001821,1
JB001822,1
JB001823,0
JB001824,0
JB001825,1
JB001826,0
JB001827,0
JB001828,0
JB001829,1
JB001830,1
JB001831,0
JB001832,1
JB001833,0
JB001834,0
JB001835,1
JB001836,1
JB001837,1
JB001838,1
JB001839,0
JB001840,1
JB001841,0
JB001842,1
JB001843,1
JB001844,1
JB001845,1
JB001846,0
JB001847,1
JB001848,0
JB001849,1
JB001850,1
JB001851,1
JB001852,1
JB001853,0
JB001854,1
JB001855,1
JB001856,0
JB001857,0
JB001858,1
JB001859,1
JB001860,1
JB001861,1
JB001862,0
JB001863,0
JB001864,1
JB001865,0
JB001866,1
JB001867,0
JB001868,1
JB001869,1
JB001870,1
JB001871,0
JB001872,1
JB001873,1
JB001874,0
JB001875,1
JB001876,0
JB001877,0
JB001878,0
JB001879,1
JB001880,0
JB001881,1
JB001882,0
JB001883,0
JB001884,1
JB001885,1
JB001886,0
JB001887,0
JB001888,1
JB001889,1
JB001890,1
JB001891,1
JB001892,1
JB001893,0
JB001894,1
JB001895,0
JB001896,1
JB001897,1
JB001898,0
JB001899,0
JB001900,0
JB001901,1
JB001902,1
JB001903,1
JB001904,1
JB001905,1
JB001906,0
JB001907,1
JB001908,0
JB001909,1
JB001910,0
JB001911,0
JB001912,0
JB001913,1
JB001914,0
JB001915,1
JB001916,0
JB001917,1
JB001918,1
JB001919,0
JB001920,1
JB001921,1
JB001922,0
JB001923,1
JB001924,1
JB001925,1
JB001926,0
JB001927,0
JB001928,1
JB001929,0
JB001930,0
JB001931,0
JB001932,0
JB001933,0
JB001934,0
JB001935,0
JB001936,1
JB001937,0
JB001938,0
JB001939,1
JB001940,1
JB001941,0
JB001942,1
JB001943,0
JB001944,1
JB001945,1
JB001946,1
JB001947,1
JB001948,1
JB001949,1
JB001950,1
JB001951,1
JB001952,1
JB001953,1
JB001954,1
JB001955,0
JB001956,0
JB001957,1
JB001958,0
JB001959,1
JB001960,0
JB001961,1
JB001962,1
JB001963,1
JB001964,0
JB001965,0
JB001966,0
JB001967,0
JB001968,0
JB001969,1
JB001970,1
JB001971,1
JB001972,0
JB001973,0
JB001974,1
JB001975,0
JB001976,1
JB001977,1
JB001978,0
JB001979,1
JB001980,1
JB001981,1
JB001982,1
JB001983,1
JB001984,1
JB001985,1
JB001986,0
JB001987,0
JB001988,0
JB001989,1
JB001990,1
JB001991,1
JB001992,0
JB001993,1
JB001994,1
JB001995,1
JB001996,1
JB001997,0
JB001998,1
JB001999,0
JB002000,1
JB002001,1
JB002002,0
JB002003,1
JB002004,0
JB002005,1
JB002006,1
JB002007,1
JB002008,1
JB002009,0
JB002010,1
JB002011,0
JB002012,1
JB002013,1
JB002014,0
JB002015,1
JB002016,0
JB002017,0
JB002018,0
JB002019,0
JB002020,0
JB002021,0
JB002022,0
JB002023,1
JB002024,0
JB002025,1
JB002026,0
JB002027,0
JB002028,1
JB002029,1
JB002030,1
JB002031,1
JB002032,0
JB002033,0
JB002034,0
JB002035,0
JB002036,1
JB002037,0
JB002038,0
JB002039,1
JB002040,1
JB002041,0
JB002042,1
JB002043,0
JB002044,0
JB002045,0
JB002046,1
JB002047,0
JB002048,0
JB002049,1
JB002050,0
JB002051,0
JB002052,0
JB002053,1
JB002054,1
JB002055,1
JB002056,0
JB002057,0
JB002058,1
JB002059,0
JB002060,1
JB002061,1
JB002062,1
JB002063,1
JB002064,0
JB002065,0
JB002066,0
JB002067,1
JB002068,1
JB002069,1
JB002070,1
JB002071,0
JB002072,1
JB002073,0
JB002074,1
JB002075,1
JB002076,1
JB002077,1
JB002078,1
JB002079,1
JB002080,1
JB002081,0
JB002082,0
JB002083,0
JB002084,0
JB002085,0
JB002086,1
JB002087,1
JB002088,1
JB002089,0
JB002090,0
JB002091,0
JB002092,1
JB002093,0
JB002094,1
JB002095,0
JB002096,0
JB002097,0
JB002098,0
JB002099,1
JB002100,1
JB002101,1
JB002102,1
JB002103,1
JB002104,0
JB002105,0
JB002106,1
JB002107,0
JB002108,1
JB002109,0
JB002110,1
JB002111,0
JB002112,1
JB002113,1
JB002114,0
JB002115,0
JB002116,0
JB002117,0
JB002118,1
JB002119,0
JB002120,0
JB002121,1
JB002122,0
JB002123,0
JB002124,0
JB002125,0
JB002126,0
JB002127,0
JB002128,1
JB002129,0
JB002130,0
JB002131,1
JB002132,1
JB002133,1
JB002134,0
JB002135,1
JB002136,1
JB002137,1
JB002138,1
JB002139,0
JB002140,0
JB002141,0
JB002142,1
JB002143,0
JB002144,1
JB002145,0
JB002146,1
JB002147,1
JB002148,0
JB002149,1
JB002150,0
JB002151,1
JB002152,0
JB002153,0
JB002154,1
JB002155,0
JB002156,0
JB002157,0
JB002158,1
JB002159,1
JB002160,1
JB002161,1
JB002162,1
JB002163,1
JB002164,1
JB002165,0
JB002166,1
JB002167,1
JB002168,0
JB002169,0
JB002170,1
JB002171,1
JB002172,0
JB002173,0
JB002174,1
JB002175,0
JB002176,1
JB002177,0
JB002178,1
JB002179,0
JB002180,0
JB002181,0
JB002182,1
JB002183,0
JB002184,0
JB002185,1
JB002186,1
JB002187,0
JB002188,0
JB002189,1
JB002190,0
JB002191,0
JB002192,1
JB002193,1
JB002194,0
JB002195,0
JB002196,0
JB002197,1
JB002198,1
JB002199,0
JB002200,1
JB002201,1
JB002202,0
JB002203,0
JB002204,0
JB002205,0
JB002206,0
JB002207,0
JB002208,0
JB002209,0
JB002210,1
JB002211,1
JB002212,0
JB002213,1
JB002214,0
JB002215,0
JB002216,0
JB002217,0
JB002218,1
JB002219,0
JB002220,1
JB002221,0
JB002222,0
JB002223,1
JB002224,1
JB002225,1
JB002226,0
JB002227,0
JB002228,1
JB002229,0
JB002230,1
JB002231,1
JB002232,1
JB002233,0
JB002234,0
JB002235,1
JB002236,0
JB002237,0
JB002238,0
JB002239,0
JB002240,1
JB002241,1
JB002242,0
JB002243,0
JB002244,0
JB002245,1
JB002246,1
JB002247,1
JB002248,0
JB002249,0
JB002250,1
JB002251,1
JB002252,0
JB002253,0
JB002254,1
JB002255,0
JB002256,0
JB002257,0
JB002258,1
JB002259,1
JB002260,1
JB002261,0
JB002262,1
JB002263,0
JB002264,1
JB002265,1
JB002266,1
JB002267,1
JB002268,1
JB002269,1
JB002270,1
JB002271,0
JB002272,1
JB002273,1
JB002274,1
JB002275,0
JB002276,0
JB002277,1
JB002278,0
JB002279,0
JB002280,1
JB002281,1
JB002282,1
JB002283,1
JB002284,1
JB002285,0
JB002286,0
JB002287,1
JB002288,1
JB002289,0
JB002290,0
JB002291,0
JB002292,0
JB002293,1
JB002294,0
JB002295,0
JB002296,0
JB002297,1
JB002298,1
JB002299,1
JB002300,0
JB002301,0
JB002302,0
JB002303,0
JB002304,1
JB002305,0
JB002306,1
JB002307,0
JB002308,0
JB002309,0
JB002310,1
JB002311,0
JB002312,0
JB002313,0
JB002314,1
JB002315,0
JB002316,0
JB002317,1
JB002318,0
JB002319,0
JB002320,0
JB002321,0
JB002322,1
JB002323,0
JB002324,0
JB002325,1
JB002326,0
JB002327,0
JB002328,1
JB002329,0
JB002330,1
JB002331,0
JB002332,1
JB002333,1
JB002334,0
JB002335,0
JB002336,0
JB002337,0
JB002338,1
JB002339,0
JB002340,0
JB002341,0
JB002342,1
JB002343,1
JB002344,1
JB002345,1
JB002346,0
JB002347,0
JB002348,0
JB002349,0
JB002350,0
JB002351,1
JB002352,1
JB002353,0
JB002354,1
JB002355,0
JB002356,1
JB002357,1
JB002358,0
JB002359,0
JB002360,1
JB002361,1
JB002362,0
JB002363,1
JB002364,0
JB002365,1
JB002366,1
JB002367,1
JB002368,0
JB002369,1
JB002370,0
JB002371,1
JB002372,0
JB002373,1
JB002374,1
JB002375,0
JB002376,1
JB002377,0
JB002378,0
JB002379,0
JB002380,0
JB002381,0
JB002382,0
JB002383,0
JB002384,0
JB002385,1
JB002386,1
JB002387,0
JB002388,1
JB002389,0
JB002390,1
JB002391,1
JB002392,0
JB002393,0
JB002394,1
JB002395,0
JB002396,0
JB002397,0
JB002398,0
JB002399,0
JB002400,0
JB002401,1
JB002402,0
JB002403,1
JB002404,0
JB002405,1
JB002406,1
JB002407,1
JB002408,0
JB002409,1
JB002410,1
JB002411,1
JB002412,0
JB002413,1
JB002414,1
JB002415,1
JB002416,0
JB002417,1
JB002418,0
JB002419,0
JB002420,0
JB002421,1
JB002422,1
JB002423,1
JB002424,0
JB002425,1
JB002426,1
JB002427,1
JB002428,0
JB002429,1
JB002430,1
JB002431,0
JB002432,0
JB002433,1
JB002434,1
JB002435,1
JB002436,0
JB002437,0
JB002438,1
JB002439,0
JB002440,1
JB002441,0
JB002442,1
JB002443,0
JB002444,1
JB002445,0
JB002446,1
JB002447,1
JB002448,0
JB002449,1
JB002450,0
JB002451,0
JB002452,0
JB002453,0
JB002454,0
JB002455,0
JB002456,0
JB002457,1
JB002458,0
JB002459,0
JB002460,0
JB002461,1
JB002462,1
JB002463,0
JB002464,0
JB002465,1
JB002466,0
JB002467,1
JB002468,0
JB002469,0
JB002470,0
JB002471,0
JB002472,0
JB002473,0
JB002474,1
JB002475,1
JB002476,0
JB002477,0
JB002478,0
JB002479,0
JB002480,0
JB002481,0
JB002482,0
JB002483,0
JB002484,1
JB002485,0
JB002486,1
JB002487,1
JB002488,0
JB002489,0
JB002490,0
JB002491,1
JB002492,1
JB002493,1
JB002494,1
JB002495,0
JB002496,1
JB002497,1
JB002498,1
JB002499,1
JB002500,1
JB002501,0
JB002502,1
JB002503,1
JB002504,1
JB002505,0
JB002506,0
JB002507,1
JB002508,0
JB002509,1
JB002510,0
JB002511,0
JB002512,1
JB002513,1
JB002514,0
JB002515,0
JB002516,1
JB002517,1
JB002518,0
JB002519,1
JB002520,0
JB002521,1
JB002522,1
JB002523,1
JB002524,0
JB002525,0
JB002526,0
JB002527,0
JB002528,1
JB002529,0
JB002530,0
JB002531,1
JB002532,0
JB002533,0
JB002534,0
JB002535,1
JB002536,0
JB002537,0
JB002538,0
JB002539,1
JB002540,0
JB002541,1
JB002542,1
JB002543,1
JB002544,1
JB002545,0
JB002546,1
JB002547,1
JB002548,1
JB002549,0
JB002550,0
JB002551,0
JB002552,1
JB002553,0
JB002554,0
JB002555,0
JB002556,0
JB002557,1
JB002558,1
JB002559,0
JB002560,1
JB002561,1
JB002562,0
JB002563,0
JB002564,1
JB002565,1
JB002566,1
JB002567,1
JB002568,1
JB002569,0
JB002570,1
JB002571,1
JB002572,0
JB002573,0
JB002574,1
JB002575,1
JB002576,1
JB002577,1
JB002578,1
JB002579,1
JB002580,0
JB002581,1
JB002582,0
JB002583,1
JB002584,0
JB002585,1
JB002586,0
JB002587,0
JB002588,1
JB002589,0
JB002590,1
JB002591,1
JB002592,1
JB002593,0
JB002594,1
JB002595,1
JB002596,0
JB002597,0
JB002598,0
JB002599,0
JB002600,0
JB002601,0
JB002602,1
JB002603,0
JB002604,1
JB002605,1
JB002606,1
JB002607,1
JB002608,0
JB002609,0
JB002610,0
JB002611,1
JB002612,1
JB002613,0
JB002614,0
JB002615,0
JB002616,0
JB002617,1
JB002618,1
JB002619,1
JB002620,0
JB002621,1
JB002622,1
JB002623,0
JB002624,0
JB002625,0
JB002626,1
JB002627,1
JB002628,0
JB002629,0
JB002630,0
JB002631,1
JB002632,0
JB002633,0
JB002634,0
JB002635,0
JB002636,1
JB002637,0
JB002638,0
JB002639,1
JB002640,1
JB002641,0
JB002642,1
JB002643,0
JB002644,1
JB002645,1
JB002646,1
JB002647,0
JB002648,1
JB002649,1
JB002650,0
JB002651,0
JB002652,0
JB002653,1
JB002654,0
JB002655,0
JB002656,1
JB002657,1
JB002658,0
JB002659,0
JB002660,0
JB002661,1
JB002662,1
JB002663,1
JB002664,0
JB002665,1
JB002666,0
JB002667,0
JB002668,0
JB002669,1
JB002670,1
JB002671,1
JB002672,0
JB002673,1
JB002674,0
JB002675,1
JB002676,0
JB002677,1
JB002678,0
JB002679,0
JB002680,0
JB002681,1
JB002682,0
JB002683,1
JB002684,0
JB002685,0
JB002686,0
JB002687,1
JB002688,1
JB002689,0
JB002690,1
JB002691,0
JB002692,0
JB002693,0
JB002694,1
JB002695,1
JB002696,0
JB002697,1
JB002698,1
JB002699,1
JB002700,0
JB002701,1
JB002702,0
JB002703,0
JB002704,1
JB002705,1
JB002706,1
JB002707,1
JB002708,1
JB002709,0
JB002710,0
JB002711,1
JB002712,1
JB002713,1
JB002714,1
JB002715,0
JB002716,0
JB002717,1
JB002718,1
JB002719,0
JB002720,0
JB002721,1
JB002722,0
JB002723,1
JB002724,0
JB002725,1
JB002726,0
JB002727,0
JB002728,0
JB002729,0
JB002730,1
JB002731,1
JB002732,0
JB002733,1
JB002734,0
JB002735,0
JB002736,1
JB002737,0
JB002738,0
JB002739,0
JB002740,1
JB002741,0
JB002742,1
JB002743,0
JB002744,0
JB002745,0
JB002746,1
JB002747,0
JB002748,1
JB002749,1
JB002750,0
JB002751,1
JB002752,1
JB002753,0
JB002754,1
JB002755,0
JB002756,0
JB002757,0
JB002758,0
JB002759,1
JB002760,1
JB002761,1
JB002762,0
JB002763,0
JB002764,1
JB002765,1
JB002766,0
JB002767,0
JB002768,1
JB002769,0
JB002770,0
JB002771,0
JB002772,1
JB002773,1
JB002774,0
JB002775,0
JB002776,1
JB002777,0
JB002778,1
JB002779,0
JB002780,0
JB002781,0
JB002782,1
JB002783,1
JB002784,1
JB002785,1
JB002786,1
JB002787,0
JB002788,1
JB002789,1
JB002790,0
JB002791,0
JB002792,1
JB002793,0
JB002794,0
JB002795,1
JB002796,0
JB002797,1
JB002798,0
JB002799,1
JB002800,1
JB002801,0
JB002802,0
JB002803,0
JB002804,1
JB002805,1
JB002806,1
JB002807,1
JB002808,1
JB002809,0
JB002810,1
JB002811,1
JB002812,0
JB002813,1
JB002814,1
JB002815,0
JB002816,0
JB002817,1
JB002818,1
JB002819,0
JB002820,1
JB002821,0
JB002822,0
JB002823,1
JB002824,0
JB002825,0
JB002826,0
JB002827,1
JB002828,1
JB002829,1
JB002830,1
JB002831,0
JB002832,1
JB002833,0
JB002834,0
JB002835,0
JB002836,0
JB002837,0
JB002838,0
JB002839,0
JB002840,0
JB002841,0
JB002842,1
JB002843,0
JB002844,1
JB002845,1
JB002846,0
JB002847,0
JB002848,0
JB002849,1
JB002850,0
JB002851,1
JB002852,0
JB002853,0
JB002854,0
JB002855,1
JB002856,1
JB002857,0
JB002858,1
JB002859,0
JB002860,1
JB002861,1
JB002862,1
JB002863,1
JB002864,1
JB002865,1
JB002866,1
JB002867,1
JB002868,1
JB002869,1
JB002870,0
JB002871,1
JB002872,1
JB002873,1
JB002874,1
JB002875,0
JB002876,1
JB002877,0
JB002878,1
JB002879,1
JB002880,1
JB002881,0
JB002882,0
JB002883,1
JB002884,1
JB002885,1
JB002886,0
JB002887,1
JB002888,1
JB002889,1
JB002890,0
JB002891,1
JB002892,0
JB002893,0
JB002894,0
JB002895,1
JB002896,1
JB002897,1
JB002898,1
JB002899,0
JB002900,1
JB002901,1
JB002902,1
JB002903,0
JB002904,0
JB002905,0
JB002906,1
JB002907,0
JB002908,1
JB002909,0
JB002910,1
JB002911,0
JB002912,0
JB002913,0
JB002914,1
JB002915,0
JB002916,0
JB002917,1
JB002918,1
JB002919,1
JB002920,1
JB002921,0
JB002922,1
JB002923,0
JB002924,0
JB002925,1
JB002926,0
JB002927,1
JB002928,1
JB002929,1
JB002930,0
JB002931,1
JB002932,0
JB002933,0
JB002934,1
JB002935,1
JB002936,1
JB002937,0
JB002938,1
JB002939,1
JB002940,0
JB002941,0
JB002942,0
JB002943,1
JB002944,0
JB002945,0
JB002946,0
JB002947,1
JB002948,1
JB002949,0
JB002950,0
JB002951,1
JB002952,0
JB002953,0
JB002954,1
JB002955,0
JB002956,0
JB002957,0
JB002958,0
JB002959,1
JB002960,1
JB002961,1
JB002962,0
JB002963,0
JB002964,1
JB002965,0
JB002966,0
JB002967,0
JB002968,1
JB002969,1
JB002970,1
JB002971,1
JB002972,0
JB002973,1
JB002974,1
JB002975,1
JB002976,1
JB002977,1
JB002978,1
JB002979,0
JB002980,1
JB002981,1
JB002982,0
JB002983,1
JB002984,0
JB002985,1
JB002986,0
JB002987,1
JB002988,0
JB002989,0
JB002990,1
JB002991,0
JB002992,0
JB002993,0
JB002994,0
JB002995,0
JB002996,0
JB002997,1
JB002998,1
JB002999,0
JB003000,0
