applicant_id,site,female,age,education_years,employed_baseline,earnings_baseline
JT000001,A,1,28,12,0,0
JT000002,A,0,54,17,0,0
JT000003,A,0,49,14,1,2524
JT000004,A,1,39,12,0,0
JT000005,A,1,37,15,1,2499
JT000006,A,0,43,12,1,1988
JT000007,A,0,42,15,1,2640
JT000008,A,0,29,17,1,2418
JT000009,A,0,31,13,0,0
JT000010,A,1,28,9,0,0
JT000011,A,1,44,17,0,0
JT000012,A,0,22,16,0,0
JT000013,A,1,55,16,1,2984
JT000014,A,1,19,17,1,2068
JT000015,A,1,19,15,1,2335
JT000016,A,1,21,12,0,0
JT000017,A,0,47,18,0,0
JT000018,A,0,23,18,0,0
JT000019,A,1,51,16,0,0
JT000020,A,1,34,12,1,1458
JT000021,A,0,52,18,1,2580
JT000022,A,0,19,9,0,0
JT000023,A,0,48,10,0,0
JT000024,A,1,29,15,0,0
JT000025,A,0,42,17,1,2865
JT000026,A,0,30,13,0,0
JT000027,A,1,50,11,1,2034
JT000028,A,0,21,12,0,0
JT000029,A,1,29,14,0,0
JT000030,A,0,53,16,0,0
JT000031,A,0,46,11,0,0
JT000032,A,0,32,17,1,2695
JT000033,A,1,31,10,0,0
JT000034,A,0,46,9,0,0
JT000035,A,0,54,15,0,0
JT000036,A,1,26,14,0,0
JT000037,A,0,49,15,0,0
JT000038,A,1,26,18,0,0
JT000039,A,1,49,13,1,2549
JT000040,A,0,39,9,0,0
JT000041,A,0,46,18,1,2986
JT000042,A,1,52,17,1,2833
JT000043,A,0,51,11,0,0
JT000044,A,0,25,18,0,0
JT000045,A,1,35,9,1,1629
JT000046,A,1,50,18,0,0
JT000047,A,1,31,18,1,2049
JT000048,A,0,54,14,1,1829
JT000049,A,0,22,17,1,2224
JT000050,A,0,32,15,0,0
JT000051,A,1,34,14,0,0
JT000052,A,1,22,9,0,0
JT000053,A,1,30,10,1,1900
JT000054,A,0,25,14,1,1359
JT000055,A,1,54,15,0,0
JT000056,A,1,51,15,1,2677
JT000057,A,0,20,10,1,1672
JT000058,A,0,41,15,0,0
JT000059,A,0,55,11,1,2406
JT000060,A,0,34,11,0,0
JT000061,A,0,25,10,0,0
JT000062,A,0,28,14,0,0
JT000063,A,1,42,11,0,0
JT000064,A,0,29,12,0,0
JT000065,A,0,21,9,0,0
JT000066,A,0,51,14,0,0
JT000067,A,1,20,9,0,0
JT000068,A,1,22,18,0,0
JT000069,A,0,24,13,1,1507
JT000070,A,0,26,13,1,2162
JT000071,A,0,48,10,0,0
JT000072,A,0,27,10,0,0
JT000073,A,0,38,16,0,0
JT000074,A,0,52,14,0,0
JT000075,A,1,40,10,0,0
JT000076,A,0,25,18,1,2347
JT000077,A,0,34,17,0,0
JT000078,A,0,44,13,1,2180
JT000079,A,0,19,10,1,1038
JT000080,A,0,34,9,0,0
JT000081,A,0,41,14,0,0
JT000082,A,1,50,11,0,0
JT000083,A,0,40,17,1,2389
JT000084,A,1,39,18,0,0
JT000085,A,1,41,15,1,2658
JT000086,A,0,35,16,1,1870
JT000087,A,1,21,13,0,0
JT000088,A,0,29,15,0,0
JT000089,A,0,40,15,1,2480
JT000090,A,1,55,17,1,3041
JT000091,A,1,49,9,1,1336
JT000092,A,1,52,14,1,1983
JT000093,A,0,48,10,0,0
JT000094,A,0,44,13,1,2483
JT000095,A,0,19,12,1,1634
JT000096,A,0,45,10,0,0
JT000097,A,1,50,13,0,0
JT000098,A,1,38,11,0,0
JT000099,A,1,54,11,1,1451
JT000100,A,0,26,16,0,0
JT000101,A,0,32,15,0,0
JT000102,A,1,23,12,0,0
JT000103,A,1,44,14,1,2188
JT000104,A,0,27,18,1,2578
JT000105,A,0,51,11,0,0
JT000106,A,1,30,15,0,0
JT000107,A,0,30,18,0,0
JT000108,A,1,28,13,1,2135
JT000109,A,1,40,16,0,0
JT000110,A,1,53,15,1,2767
JT000111,A,1,53,17,0,0
JT000112,A,1,46,9,0,0
JT000113,A,0,28,9,0,0
JT000114,A,1,45,10,0,0
JT000115,A,0,32,18,1,2783
JT000116,A,0,43,15,0,0
JT000117,A,0,53,17,1,2775
JT000118,A,0,28,14,1,1512
JT000119,A,0,20,9,1,1523
JT000120,A,1,34,14,0,0
JT000121,A,0,36,13,0,0
JT000122,A,1,20,11,1,1123
JT000123,A,1,28,9,1,803
JT000124,A,0,43,13,0,0
JT000125,A,1,38,17,0,0
JT000126,A,0,49,18,0,0
JT000127,A,1,29,9,1,1787
JT000128,A,0,22,9,0,0
JT000129,A,1,42,9,0,0
JT000130,A,0,50,11,1,2368
JT000131,A,0,40,12,0,0
JT000132,A,1,35,12,0,0
JT000133,A,1,36,9,0,0
JT000134,A,0,21,16,0,0
JT000135,A,1,37,15,0,0
JT000136,A,0,38,9,1,1170
JT000137,A,0,33,10,1,1590
JT000138,A,0,26,15,1,1788
JT000139,A,0,46,15,0,0
JT000140,A,1,20,12,1,1101
JT000141,A,0,49,12,0,0
JT000142,A,0,25,13,0,0
JT000143,A,1,40,17,1,2750
JT000144,A,0,33,11,0,0
JT000145,A,1,34,17,1,1888
JT000146,A,1,19,10,1,1453
JT000147,A,1,31,13,0,0
JT000148,A,1,46,10,0,0
JT000149,A,1,47,12,0,0
JT000150,A,1,36,17,1,2087
JT000151,A,0,26,9,1,1498
JT000152,A,0,46,14,1,1931
JT000153,A,1,25,10,1,1840
JT000154,A,0,26,9,0,0
JT000155,A,1,38,10,0,0
JT000156,A,1,23,14,0,0
JT000157,A,0,27,9,0,0
JT000158,A,1,25,16,0,0
JT000159,A,0,42,18,0,0
JT000160,A,0,53,9,1,1893
JT000161,A,0,24,18,0,0
JT000162,A,1,26,18,1,2412
JT000163,A,1,32,18,0,0
JT000164,A,1,30,16,1,1907
JT000165,A,1,21,12,0,0
JT000166,A,1,28,13,0,0
JT000167,A,0,45,18,0,0
JT000168,A,0,37,12,1,1939
JT000169,A,0,47,15,1,2160
JT000170,A,1,54,14,0,0
JT000171,A,0,49,9,1,1836
JT000172,A,1,34,10,0,0
JT000173,A,0,27,15,1,1853
JT000174,A,1,52,9,0,0
JT000175,A,1,19,10,0,0
JT000176,A,0,43,16,0,0
JT000177,A,1,47,14,1,1718
JT000178,A,1,44,18,1,2728
JT000179,A,1,54,10,0,0
JT000180,A,1,27,16,0,0
JT000181,A,1,33,11,0,0
JT000182,A,1,25,9,0,0
JT000183,A,1,51,11,0,0
JT000184,A,0,52,10,1,2242
JT000185,A,0,41,16,0,0
JT000186,A,0,31,13,0,0
JT000187,A,1,48,14,1,1848
JT000188,A,0,28,17,0,0
JT000189,A,1,54,9,0,0
JT000190,A,0,20,13,1,1160
JT000191,A,0,49,17,1,3039
JT000192,A,1,31,14,1,1659
JT000193,A,0,24,12,0,0
JT000194,A,0,50,11,0,0
JT000195,A,1,52,11,1,2224
JT000196,A,1,24,13,0,0
JT000197,A,0,47,14,1,2330
JT000198,A,1,25,10,0,0
JT000199,A,0,51,12,1,2469
JT000200,A,1,47,13,1,2322
JT000201,A,0,20,17,1,2079
JT000202,A,0,51,10,0,0
JT000203,A,0,26,9,0,0
JT000204,A,0,31,17,1,2083
JT000205,A,0,30,17,0,0
JT000206,A,1,55,12,0,0
JT000207,A,1,44,13,0,0
JT000208,A,0,33,15,0,0
JT000209,A,0,22,11,1,955
JT000210,A,0,45,18,0,0
JT000211,A,1,26,12,1,1456
JT000212,A,1,26,14,1,1945
JT000213,A,0,39,18,0,0
JT000214,A,1,43,16,0,0
JT000215,A,1,46,18,1,3039
JT000216,A,0,52,10,1,1611
JT000217,A,1,27,17,0,0
JT000218,A,1,52,11,1,1520
JT000219,A,1,24,11,0,0
JT000220,A,0,34,18,1,2194
JT000221,A,0,31,13,0,0
JT000222,A,1,54,14,0,0
JT000223,A,0,24,16,0,0
JT000224,A,0,30,13,0,0
JT000225,A,0,22,14,1,1695
JT000226,A,1,25,11,1,1088
JT000227,A,1,26,12,0,0
JT000228,A,1,41,10,0,0
JT000229,A,0,50,17,1,2813
JT000230,A,0,23,18,0,0
JT000231,A,1,37,11,0,0
JT000232,A,0,26,11,1,1851
JT000233,A,1,43,18,1,2488
JT000234,A,0,19,13,1,1721
JT000235,A,1,41,16,1,2169
JT000236,A,0,20,15,1,1496
JT000237,A,1,55,10,1,1888
JT000238,A,0,22,14,1,1497
JT000239,A,0,26,12,0,0
JT000240,A,1,43,9,1,1559
JT000241,A,1,48,15,0,0
JT000242,A,1,41,14,0,0
JT000243,A,1,37,9,1,1813
JT000244,A,0,41,16,0,0
JT000245,A,1,33,14,1,2273
JT000246,A,1,42,13,0,0
JT000247,A,1,22,18,0,0
JT000248,A,0,37,15,0,0
JT000249,A,0,19,11,0,0
JT000250,A,1,53,15,1,2216
JT000251,A,0,43,12,1,2129
JT000252,A,1,37,9,0,0
JT000253,A,1,28,12,0,0
JT000254,A,0,31,9,0,0
JT000255,A,1,46,10,0,0
JT000256,A,1,22,17,0,0
JT000257,A,0,28,17,1,2498
JT000258,A,0,26,11,1,1703
JT000259,A,1,23,15,0,0
JT000260,A,0,35,15,1,1635
JT000261,A,0,31,16,0,0
JT000262,A,1,30,13,0,0
JT000263,A,1,23,13,0,0
JT000264,A,0,51,14,0,0
JT000265,A,1,51,11,1,1651
JT000266,A,0,41,18,1,2796
JT000267,A,0,47,14,0,0
JT000268,A,0,35,12,0,0
JT000269,A,0,40,9,1,1234
JT000270,A,0,43,11,0,0
JT000271,A,0,30,18,1,2210
JT000272,A,1,51,11,0,0
JT000273,A,1,22,15,1,1925
JT000274,A,0,47,13,1,2267
JT000275,A,1,33,14,0,0
JT000276,A,1,52,10,1,1753
JT000277,A,1,26,10,0,0
JT000278,A,1,24,9,0,0
JT000279,A,0,27,13,0,0
JT000280,A,0,38,15,1,2336
JT000281,A,1,55,10,0,0
JT000282,A,0,44,18,1,2833
JT000283,A,0,31,18,1,2510
JT000284,A,0,46,14,0,0
JT000285,A,1,23,11,1,1864
JT000286,A,0,46,12,1,2210
JT000287,A,1,21,9,0,0
JT000288,A,0,47,9,1,1784
JT000289,A,1,47,14,1,2324
JT000290,A,0,54,18,0,0
JT000291,A,1,54,17,1,2998
JT000292,A,0,26,11,0,0
JT000293,A,1,55,11,0,0
JT000294,A,0,28,10,0,0
JT000295,A,0,47,14,1,1695
JT000296,A,0,25,14,0,0
JT000297,A,0,29,10,1,1383
JT000298,A,0,49,11,1,1845
JT000299,A,1,43,18,1,2082
JT000300,A,1,48,15,1,2395
JT000301,A,1,42,14,0,0
JT000302,A,0,23,13,0,0
JT000303,A,1,32,18,1,1966
JT000304,A,1,24,15,0,0
JT000305,A,0,30,12,0,0
JT000306,A,0,44,15,1,1778
JT000307,A,1,19,13,0,0
JT000308,A,1,55,10,0,0
JT000309,A,0,39,11,1,2141
JT000310,A,1,21,9,0,0
JT000311,A,0,34,15,0,0
JT000312,A,1,33,12,0,0
JT000313,A,1,51,18,1,2380
JT000314,A,0,34,15,1,1872
JT000315,A,1,29,9,0,0
JT000316,A,1,52,16,1,2612
JT000317,A,1,37,14,0,0
JT000318,A,0,40,17,0,0
JT000319,A,1,31,15,1,1841
JT000320,A,1,41,12,0,0
JT000321,A,0,48,18,1,2844
JT000322,A,1,26,15,1,1545
JT000323,A,0,49,12,1,2023
JT000324,A,0,35,15,1,2356
JT000325,A,0,28,14,1,2340
JT000326,A,1,39,9,1,1884
JT000327,A,0,19,16,1,1472
JT000328,A,1,52,17,0,0
JT000329,A,0,33,13,1,2310
JT000330,A,0,35,12,0,0
JT000331,A,0,19,17,1,1889
JT000332,A,1,35,17,1,2439
JT000333,A,0,36,17,0,0
JT000334,A,0,55,13,1,2259
JT000335,A,1,23,16,0,0
JT000336,A,0,34,17,0,0
JT000337,A,1,32,16,0,0
JT000338,A,0,46,14,0,0
JT000339,A,0,50,13,1,2443
JT000340,A,0,29,15,1,2186
JT000341,A,1,40,17,1,1967
JT000342,A,1,27,16,0,0
JT000343,A,0,28,15,0,0
JT000344,A,0,45,11,0,0
JT000345,A,1,41,15,1,2191
JT000346,A,0,39,9,1,1147
JT000347,A,1,42,10,0,0
JT000348,A,1,29,12,1,1980
JT000349,A,1,41,18,0,0
JT000350,A,1,42,11,0,0
JT000351,A,1,33,10,0,0
JT000352,A,1,51,10,1,1909
JT000353,A,1,48,9,0,0
JT000354,A,0,34,15,1,2209
JT000355,A,0,26,16,0,0
JT000356,A,0,20,17,1,2112
JT000357,A,1,46,16,1,2766
JT000358,A,0,31,18,1,2197
JT000359,A,1,50,11,0,0
JT000360,A,1,43,13,1,2196
JT000361,A,0,48,16,1,1975
JT000362,A,0,27,13,0,0
JT000363,A,1,33,13,1,1419
JT000364,A,1,42,15,0,0
JT000365,A,1,25,12,1,1484
JT000366,A,1,40,17,0,0
JT000367,A,1,53,11,1,1978
JT000368,A,1,54,10,1,2249
JT000369,A,0,49,10,1,2150
JT000370,A,0,38,14,1,2404
JT000371,A,0,37,17,1,2304
JT000372,A,1,36,17,1,2677
JT000373,A,0,26,13,1,1938
JT000374,A,1,26,16,0,0
JT000375,A,0,45,11,0,0
JT000376,A,1,29,16,0,0
JT000377,A,0,30,14,1,1832
JT000378,A,0,32,10,1,1537
JT000379,A,1,45,15,1,2593
JT000380,A,1,20,14,0,0
JT000381,A,1,30,17,0,0
JT000382,A,1,54,15,1,2859
JT000383,A,1,45,15,1,2338
JT000384,A,0,26,9,0,0
JT000385,A,1,49,10,1,1492
JT000386,A,1,50,14,0,0
JT000387,A,1,23,11,1,1292
JT000388,A,0,45,11,0,0
JT000389,A,1,42,11,0,0
JT000390,A,1,48,17,1,2305
JT000391,A,0,48,11,0,0
JT000392,A,0,55,14,0,0
JT000393,A,0,32,16,1,1932
JT000394,A,0,39,9,0,0
JT000395,A,1,22,9,0,0
JT000396,A,1,21,14,1,1786
JT000397,A,1,38,9,0,0
JT000398,A,0,43,9,1,1091
JT000399,A,0,28,10,0,0
JT000400,A,0,21,9,1,1099
JT000401,A,0,51,10,0,0
JT000402,A,0,34,14,0,0
JT000403,A,0,46,17,0,0
JT000404,A,0,27,16,0,0
JT000405,A,1,27,13,1,1588
JT000406,A,0,34,13,0,0
JT000407,A,1,35,17,1,2510
JT000408,A,0,41,10,0,0
JT000409,A,0,33,13,0,0
JT000410,A,0,45,9,1,1750
JT000411,A,0,33,18,1,2306
JT000412,A,1,34,9,1,1705
JT000413,A,1,30,17,1,1940
JT000414,A,0,30,17,0,0
JT000415,A,0,19,15,1,2237
JT000416,A,1,38,17,0,0
JT000417,A,0,36,11,0,0
JT000418,A,1,33,16,1,1992
JT000419,A,1,48,15,0,0
JT000420,A,0,38,10,0,0
JT000421,A,0,39,18,1,2358
JT000422,A,0,39,13,0,0
JT000423,A,1,47,16,0,0
JT000424,A,1,42,11,1,1285
JT000425,A,1,37,18,1,2664
JT000426,A,1,26,17,1,2588
JT000427,A,1,19,14,1,1704
JT000428,A,1,34,12,0,0
JT000429,A,0,38,15,0,0
JT000430,A,0,47,14,1,2386
JT000431,A,1,52,15,0,0
JT000432,A,1,52,16,0,0
JT000433,A,0,54,17,1,2545
JT000434,A,1,20,10,0,0
JT000435,A,1,24,18,1,1952
JT000436,A,0,37,13,1,2205
JT000437,A,1,20,16,0,0
JT000438,A,1,29,17,0,0
JT000439,A,1,30,12,1,1854
JT000440,A,1,52,9,0,0
JT000441,A,1,26,9,0,0
JT000442,A,0,45,11,0,0
JT000443,A,0,48,13,0,0
JT000444,A,0,44,12,0,0
JT000445,A,1,46,12,1,1460
JT000446,A,0,20,18,0,0
JT000447,A,1,49,14,1,2640
JT000448,A,0,52,12,0,0
JT000449,A,0,39,18,0,0
JT000450,A,1,44,12,1,1730
JT000451,A,0,48,11,1,2047
JT000452,A,0,20,15,0,0
JT000453,A,1,24,12,1,1305
JT000454,A,0,53,10,1,1466
JT000455,A,0,45,12,0,0
JT000456,A,0,31,10,0,0
JT000457,A,0,40,15,0,0
JT000458,A,1,54,17,0,0
JT000459,A,1,48,9,1,1678
JT000460,A,0,29,13,0,0
JT000461,A,1,34,17,0,0
JT000462,A,0,42,17,0,0
JT000463,A,1,23,16,0,0
JT000464,A,1,23,10,1,1603
JT000465,A,1,46,9,1,1826
JT000466,A,1,42,9,0,0
JT000467,A,0,45,17,0,0
JT000468,A,0,33,11,0,0
JT000469,A,0,54,14,1,1852
JT000470,A,1,54,9,1,1405
JT000471,A,0,39,10,0,0
JT000472,A,1,52,14,1,2735
JT000473,A,1,37,13,0,0
JT000474,A,0,26,13,1,2004
JT000475,A,1,33,14,0,0
JT000476,A,1,44,18,0,0
JT000477,A,0,30,9,0,0
JT000478,A,0,40,15,1,2474
JT000479,A,1,28,15,0,0
JT000480,A,1,29,9,1,1594
JT000481,A,1,31,14,0,0
JT000482,A,1,27,11,1,1062
JT000483,A,1,36,15,0,0
JT000484,A,1,51,13,1,2246
JT000485,A,1,21,13,1,1729
JT000486,A,0,26,13,0,0
JT000487,A,0,28,18,0,0
JT000488,A,0,36,15,1,2293
JT000489,A,1,34,17,0,0
JT000490,A,1,52,14,0,0
JT000491,A,0,50,14,1,1839
JT000492,A,1,34,17,1,2398
JT000493,A,1,29,12,0,0
JT000494,A,0,50,14,0,0
JT000495,A,0,27,10,0,0
JT000496,A,1,19,15,1,1957
JT000497,A,1,24,9,1,1467
JT000498,A,0,51,14,0,0
JT000499,A,1,22,9,0,0
JT000500,A,0,19,11,0,0
JT000501,A,1,34,12,0,0
JT000502,A,1,34,18,1,1982
JT000503,A,1,21,9,1,1625
JT000504,A,1,23,9,1,1494
JT000505,A,1,29,10,1,1463
JT000506,A,0,22,17,1,2309
JT000507,A,1,48,16,0,0
JT000508,A,1,48,18,1,3054
JT000509,A,0,19,9,0,0
JT000510,A,0,54,9,0,0
JT000511,A,1,36,14,1,2264
JT000512,A,1,32,17,1,2592
JT000513,A,0,23,14,0,0
JT000514,A,0,34,14,1,2382
JT000515,A,1,42,12,0,0
JT000516,A,1,21,11,0,0
JT000517,A,1,49,12,0,0
JT000518,A,1,52,11,0,0
JT000519,A,1,42,18,0,0
JT000520,A,1,52,10,0,0
JT000521,A,0,43,17,0,0
JT000522,A,1,36,13,0,0
JT000523,A,0,20,11,0,0
JT000524,A,0,37,16,0,0
JT000525,A,0,24,10,1,1359
JT000526,A,1,24,13,0,0
JT000527,A,0,29,15,0,0
JT000528,A,1,30,18,0,0
JT000529,A,1,19,17,0,0
JT000530,A,1,19,15,1,2155
JT000531,A,0,42,16,1,2458
JT000532,A,1,40,15,0,0
JT000533,A,0,39,16,1,2276
JT000534,A,1,23,12,0,0
JT000535,A,0,23,16,0,0
JT000536,A,1,51,18,0,0
JT000537,A,1,23,14,1,1741
JT000538,A,1,33,18,0,0
JT000539,A,0,51,18,1,2754
JT000540,A,1,48,9,1,1910
JT000541,A,0,32,11,0,0
JT000542,A,0,27,14,1,1687
JT000543,A,0,40,13,0,0
JT000544,A,1,34,12,0,0
JT000545,A,1,38,15,1,1845
JT000546,A,0,26,12,0,0
JT000547,A,1,54,12,0,0
JT000548,A,1,42,14,0,0
JT000549,A,0,42,18,0,0
JT000550,A,1,50,18,1,2786
JT000551,A,0,48,13,0,0
JT000552,A,0,44,12,0,0
JT000553,A,1,55,18,1,2542
JT000554,A,1,32,12,1,1695
JT000555,A,1,51,12,0,0
JT000556,A,1,22,15,0,0
JT000557,A,0,44,18,1,2368
JT000558,A,0,54,16,0,0
JT000559,A,0,46,9,1,1179
JT000560,A,1,36,16,1,1964
JT000561,A,1,26,14,0,0
JT000562,A,0,38,15,1,2065
JT000563,A,0,47,9,0,0
JT000564,A,0,47,16,1,2165
JT000565,A,0,53,12,1,1736
JT000566,A,1,43,12,1,2134
JT000567,A,0,46,15,0,0
JT000568,A,1,30,12,1,1749
JT000569,A,0,38,14,1,1742
JT000570,A,1,20,17,1,1642
JT000571,A,1,50,12,0,0
JT000572,A,0,23,9,0,0
JT000573,A,0,21,11,0,0
JT000574,A,0,21,15,1,1725
JT000575,A,1,54,16,0,0
JT000576,A,1,53,13,0,0
JT000577,A,1,27,10,0,0
JT000578,A,1,31,9,0,0
JT000579,A,1,49,18,0,0
JT000580,A,0,49,12,1,1523
JT000581,A,1,37,16,1,2367
JT000582,A,0,29,16,0,0
JT000583,A,1,28,16,0,0
JT000584,A,1,31,16,1,1979
JT000585,A,1,53,12,0,0
JT000586,A,1,41,15,0,0
JT000587,A,1,29,16,0,0
JT000588,A,1,40,9,1,1219
JT000589,A,1,32,12,1,1301
JT000590,A,0,47,17,0,0
JT000591,A,0,31,12,1,1744
JT000592,A,1,43,9,1,1473
JT000593,A,0,42,14,0,0
JT000594,A,1,36,17,1,1910
JT000595,A,0,41,14,0,0
JT000596,A,0,48,15,1,2523
JT000597,A,1,40,15,1,2235
JT000598,A,1,52,9,1,1664
JT000599,A,0,37,15,0,0
JT000600,A,0,53,13,0,0
JT000601,B,1,35,18,0,0
JT000602,B,1,46,14,1,1880
JT000603,B,0,36,15,1,2502
JT000604,B,1,36,16,0,0
JT000605,B,0,24,9,0,0
JT000606,B,0,34,10,1,1547
JT000607,B,1,55,13,0,0
JT000608,B,1,46,16,1,2135
JT000609,B,1,37,11,1,2029
JT000610,B,0,28,11,1,1194
JT000611,B,1,27,17,1,2799
JT000612,B,0,27,15,1,1646
JT000613,B,0,39,17,0,0
JT000614,B,0,19,14,1,1466
JT000615,B,0,50,18,1,2874
JT000616,B,1,43,17,0,0
JT000617,B,0,42,10,0,0
JT000618,B,0,45,16,1,2156
JT000619,B,0,50,16,0,0
JT000620,B,0,43,17,0,0
JT000621,B,1,43,10,1,2140
JT000622,B,0,52,15,0,0
JT000623,B,0,21,14,1,2108
JT000624,B,0,21,13,1,2252
JT000625,B,0,42,14,1,2459
JT000626,B,1,47,14,1,2051
JT000627,B,1,54,17,1,3052
JT000628,B,0,49,11,1,1588
JT000629,B,1,48,17,1,2191
JT000630,B,1,54,15,0,0
JT000631,B,0,32,10,1,2064
JT000632,B,0,46,13,0,0
JT000633,B,1,29,18,0,0
JT000634,B,0,35,14,0,0
JT000635,B,0,40,11,0,0
JT000636,B,1,41,15,1,2675
JT000637,B,0,31,13,1,1767
JT000638,B,1,54,10,0,0
JT000639,B,1,40,10,0,0
JT000640,B,0,51,9,1,2253
JT000641,B,0,49,11,1,1713
JT000642,B,0,39,16,0,0
JT000643,B,0,29,12,1,1889
JT000644,B,0,28,17,0,0
JT000645,B,0,26,12,0,0
JT000646,B,0,30,9,1,1200
JT000647,B,0,38,18,1,2208
JT000648,B,0,21,10,0,0
JT000649,B,1,23,15,1,2123
JT000650,B,0,26,11,0,0
JT000651,B,1,19,15,0,0
JT000652,B,0,46,14,0,0
JT000653,B,1,26,11,1,1504
JT000654,B,1,52,9,0,0
JT000655,B,0,44,17,1,2134
JT000656,B,1,32,15,0,0
JT000657,B,1,42,14,0,0
JT000658,B,0,49,18,1,2773
JT000659,B,1,50,13,1,2213
JT000660,B,0,34,18,1,2989
JT000661,B,0,19,14,0,0
JT000662,B,1,29,17,1,2288
JT000663,B,1,39,18,1,2628
JT000664,B,1,50,14,1,2669
JT000665,B,1,34,18,1,2311
JT000666,B,0,54,13,0,0
JT000667,B,1,23,11,0,0
JT000668,B,1,37,18,0,0
JT000669,B,1,24,12,1,2110
JT000670,B,1,52,12,1,2527
JT000671,B,0,54,17,1,2508
JT000672,B,1,34,14,0,0
JT000673,B,1,31,15,0,0
JT000674,B,1,40,9,1,1449
JT000675,B,1,42,13,0,0
JT000676,B,0,55,15,1,2474
JT000677,B,1,50,10,0,0
JT000678,B,1,25,11,0,0
JT000679,B,0,34,16,1,2423
JT000680,B,1,37,12,1,1599
JT000681,B,0,43,17,1,2795
JT000682,B,1,37,18,1,2402
JT000683,B,0,30,16,0,0
JT000684,B,0,48,9,1,1719
JT000685,B,0,32,10,1,1834
JT000686,B,1,41,10,1,1589
JT000687,B,1,39,9,1,1956
JT000688,B,1,33,13,0,0
JT000689,B,0,55,9,0,0
JT000690,B,0,43,10,1,2185
JT000691,B,0,32,18,1,2142
JT000692,B,1,48,13,1,2358
JT000693,B,1,47,14,1,2323
JT000694,B,0,47,15,1,2904
JT000695,B,1,23,9,0,0
JT000696,B,0,19,16,0,0
JT000697,B,1,40,17,1,3024
JT000698,B,0,47,16,0,0
JT000699,B,1,36,14,0,0
JT000700,B,1,31,15,1,2280
JT000701,B,0,49,13,0,0
JT000702,B,1,26,11,1,1200
JT000703,B,0,31,10,1,1264
JT000704,B,0,29,13,0,0
JT000705,B,0,23,16,0,0
JT000706,B,1,27,15,0,0
JT000707,B,0,46,14,1,2113
JT000708,B,1,41,14,1,2143
JT000709,B,0,43,11,0,0
JT000710,B,0,49,12,1,1648
JT000711,B,0,27,17,1,2047
JT000712,B,1,52,15,0,0
JT000713,B,1,43,13,1,2163
JT000714,B,0,44,10,0,0
JT000715,B,0,21,14,1,2226
JT000716,B,1,42,16,0,0
JT000717,B,1,31,12,0,0
JT000718,B,1,29,14,1,2063
JT000719,B,0,52,18,1,3181
JT000720,B,1,41,9,0,0
JT000721,B,1,46,17,0,0
JT000722,B,1,31,10,1,1746
JT000723,B,1,29,15,1,1848
JT000724,B,1,44,11,0,0
JT000725,B,0,46,14,0,0
JT000726,B,1,54,9,0,0
JT000727,B,1,47,17,0,0
JT000728,B,0,19,16,1,2345
JT000729,B,0,24,9,0,0
JT000730,B,1,39,11,1,1347
JT000731,B,0,32,12,1,1355
JT000732,B,0,27,10,0,0
JT000733,B,0,26,17,0,0
JT000734,B,0,41,15,0,0
JT000735,B,0,30,9,0,0
JT000736,B,0,41,13,1,1728
JT000737,B,1,50,15,1,2770
JT000738,B,1,45,10,1,2115
JT000739,B,0,19,11,0,0
JT000740,B,0,40,12,0,0
JT000741,B,0,41,11,1,1832
JT000742,B,0,31,14,0,0
JT000743,B,1,39,11,0,0
JT000744,B,1,55,16,0,0
JT000745,B,0,27,15,1,2462
JT000746,B,0,55,17,0,0
JT000747,B,1,21,11,0,0
JT000748,B,0,20,16,1,1676
JT000749,B,1,36,14,0,0
JT000750,B,0,26,14,1,2006
JT000751,B,1,39,14,1,2423
JT000752,B,0,37,15,1,2006
JT000753,B,1,51,12,0,0
JT000754,B,1,44,13,0,0
JT000755,B,1,25,15,1,2379
JT000756,B,1,30,17,1,2840
JT000757,B,1,52,14,0,0
JT000758,B,0,32,11,0,0
JT000759,B,1,46,17,1,2833
JT000760,B,0,43,16,1,2548
JT000761,B,0,47,12,1,1599
JT000762,B,0,39,15,1,2600
JT000763,B,1,36,17,1,2946
JT000764,B,1,28,18,1,2686
JT000765,B,0,51,11,0,0
JT000766,B,0,51,17,1,2855
JT000767,B,1,27,9,1,1013
JT000768,B,1,27,10,0,0
JT000769,B,1,52,12,0,0
JT000770,B,0,28,18,0,0
JT000771,B,0,22,10,1,1725
JT000772,B,0,54,15,1,2148
JT000773,B,1,41,17,0,0
JT000774,B,0,29,13,1,1630
JT000775,B,1,52,16,0,0
JT000776,B,0,26,10,0,0
JT000777,B,1,33,15,1,2644
JT000778,B,0,27,10,1,1484
JT000779,B,1,46,14,1,1788
JT000780,B,0,46,15,1,2890
JT000781,B,1,51,13,0,0
JT000782,B,0,40,11,0,0
JT000783,B,1,34,16,0,0
JT000784,B,0,50,12,0,0
JT000785,B,1,45,16,1,2491
JT000786,B,0,22,14,0,0
JT000787,B,0,28,10,1,1169
JT000788,B,1,37,12,0,0
JT000789,B,0,27,16,0,0
JT000790,B,1,19,14,1,1841
JT000791,B,1,50,17,1,2551
JT000792,B,0,42,16,1,1959
JT000793,B,0,30,17,1,1950
JT000794,B,0,55,12,0,0
JT000795,B,0,38,14,0,0
JT000796,B,1,27,13,0,0
JT000797,B,0,54,17,0,0
JT000798,B,1,36,13,1,2475
JT000799,B,1,48,9,0,0
JT000800,B,0,32,15,1,1980
JT000801,B,0,47,9,1,2140
JT000802,B,1,28,16,0,0
JT000803,B,1,51,12,1,1943
JT000804,B,0,50,16,0,0
JT000805,B,1,50,12,1,2301
JT000806,B,1,25,17,0,0
JT000807,B,1,50,17,1,2751
JT000808,B,1,45,15,1,1888
JT000809,B,1,41,18,1,2438
JT000810,B,0,22,11,0,0
JT000811,B,0,50,18,1,2643
JT000812,B,0,49,16,0,0
JT000813,B,1,48,13,1,2571
JT000814,B,1,53,18,0,0
JT000815,B,1,42,14,0,0
JT000816,B,1,34,18,0,0
JT000817,B,0,22,12,1,2139
JT000818,B,0,34,10,1,1493
JT000819,B,0,40,17,1,2167
JT000820,B,1,21,10,0,0
JT000821,B,0,22,15,0,0
JT000822,B,1,23,16,1,2608
JT000823,B,1,32,18,0,0
JT000824,B,0,52,14,1,2573
JT000825,B,0,26,14,1,1862
JT000826,B,0,41,18,0,0
JT000827,B,1,27,14,0,0
JT000828,B,0,29,10,1,2008
JT000829,B,1,54,14,0,0
JT000830,B,1,27,10,0,0
JT000831,B,0,38,12,0,0
JT000832,B,1,55,9,0,0
JT000833,B,0,20,10,1,1478
JT000834,B,0,52,11,1,2128
JT000835,B,1,31,12,0,0
JT000836,B,0,51,17,0,0
JT000837,B,0,27,9,0,0
JT000838,B,0,43,15,1,2189
JT000839,B,0,44,9,1,2104
JT000840,B,0,37,11,0,0
JT000841,B,0,34,9,0,0
JT000842,B,0,19,16,0,0
JT000843,B,1,42,17,1,2965
JT000844,B,0,45,12,1,1855
JT000845,B,1,41,9,1,1270
JT000846,B,1,41,12,1,1760
JT000847,B,0,36,12,1,2216
JT000848,B,0,54,11,0,0
JT000849,B,1,52,17,0,0
JT000850,B,0,21,13,0,0
JT000851,B,1,39,11,0,0
JT000852,B,1,26,18,1,2198
JT000853,B,1,24,18,0,0
JT000854,B,0,30,9,0,0
JT000855,B,1,46,18,1,3021
JT000856,B,0,25,14,1,2200
JT000857,B,0,35,11,1,1841
JT000858,B,1,34,17,1,2812
JT000859,B,0,21,10,1,1874
JT000860,B,0,54,17,1,2726
JT000861,B,1,37,9,1,1912
JT000862,B,1,44,14,1,2005
JT000863,B,1,24,10,0,0
JT000864,B,1,48,14,0,0
JT000865,B,0,31,17,0,0
JT000866,B,0,45,17,1,3051
JT000867,B,1,20,11,0,0
JT000868,B,1,49,11,0,0
JT000869,B,1,40,10,0,0
JT000870,B,1,31,17,0,0
JT000871,B,0,26,15,1,2157
JT000872,B,1,42,16,1,2177
JT000873,B,0,41,17,1,2189
JT000874,B,0,41,13,0,0
JT000875,B,1,41,15,0,0
JT000876,B,1,50,16,0,0
JT000877,B,1,38,18,0,0
JT000878,B,0,53,9,0,0
JT000879,B,0,29,10,0,0
JT000880,B,1,44,13,0,0
JT000881,B,1,42,10,0,0
JT000882,B,0,24,9,1,1565
JT000883,B,1,28,10,0,0
JT000884,B,1,50,15,0,0
JT000885,B,1,51,14,0,0
JT000886,B,1,20,12,1,1211
JT000887,B,1,31,16,0,0
JT000888,B,1,31,18,1,2745
JT000889,B,0,53,10,1,1519
JT000890,B,1,32,9,0,0
JT000891,B,1,30,16,0,0
JT000892,B,0,53,15,1,2988
JT000893,B,1,45,9,0,0
JT000894,B,1,25,15,0,0
JT000895,B,0,34,10,1,2124
JT000896,B,1,22,14,0,0
JT000897,B,0,33,14,0,0
JT000898,B,0,34,13,0,0
JT000899,B,0,39,11,0,0
JT000900,B,1,54,12,0,0
JT000901,B,1,43,13,1,2120
JT000902,B,0,53,15,0,0
JT000903,B,1,24,10,0,0
JT000904,B,0,22,11,0,0
JT000905,B,0,31,9,0,0
JT000906,B,1,51,17,0,0
JT000907,B,0,52,12,0,0
JT000908,B,1,46,15,1,2097
JT000909,B,0,45,16,1,2183
JT000910,B,1,54,18,0,0
JT000911,B,1,45,13,1,2436
JT000912,B,1,50,11,1,2248
JT000913,B,1,52,11,1,2481
JT000914,B,1,29,10,0,0
JT000915,B,0,48,12,0,0
JT000916,B,1,38,13,0,0
JT000917,B,1,43,10,1,1400
JT000918,B,0,29,14,1,2260
JT000919,B,1,42,9,0,0
JT000920,B,0,34,12,0,0
JT000921,B,0,35,16,1,2529
JT000922,B,1,22,16,1,1752
JT000923,B,1,42,13,0,0
JT000924,B,1,43,15,0,0
JT000925,B,1,36,18,1,2725
JT000926,B,0,43,17,1,2132
JT000927,B,0,49,18,1,2666
JT000928,B,0,32,17,1,2189
JT000929,B,1,51,15,1,2694
JT000930,B,1,45,12,1,2337
JT000931,B,1,40,16,1,2132
JT000932,B,0,40,12,0,0
JT000933,B,0,45,10,1,2025
JT000934,B,1,26,11,0,0
JT000935,B,1,36,18,0,0
JT000936,B,1,48,12,0,0
JT000937,B,1,28,14,1,2069
JT000938,B,0,26,10,1,1284
JT000939,B,0,30,15,1,1994
JT000940,B,1,34,18,1,2634
JT000941,B,0,52,9,0,0
JT000942,B,0,55,9,1,1914
JT000943,B,0,20,10,0,0
JT000944,B,0,29,15,0,0
JT000945,B,1,27,9,0,0
JT000946,B,0,38,17,0,0
JT000947,B,1,36,17,0,0
JT000948,B,0,35,15,0,0
JT000949,B,0,26,18,1,2734
JT000950,B,0,54,14,0,0
JT000951,B,1,20,16,1,1919
JT000952,B,1,20,10,1,994
JT000953,B,0,37,13,0,0
JT000954,B,0,26,15,0,0
JT000955,B,0,36,14,1,2179
JT000956,B,1,36,17,1,2703
JT000957,B,0,23,15,1,2246
JT000958,B,0,50,12,0,0
JT000959,B,0,51,12,1,2383
JT000960,B,1,35,9,1,1208
JT000961,B,0,52,16,0,0
JT000962,B,0,53,14,0,0
JT000963,B,1,47,10,1,2190
JT000964,B,0,51,12,1,2021
JT000965,B,0,29,9,0,0
JT000966,B,0,36,13,0,0
JT000967,B,0,47,15,1,2047
JT000968,B,0,26,13,0,0
JT000969,B,1,23,13,0,0
JT000970,B,0,49,9,0,0
JT000971,B,0,54,15,0,0
JT000972,B,1,26,16,1,2458
JT000973,B,0,35,13,0,0
JT000974,B,0,54,14,1,1910
JT000975,B,0,36,9,0,0
JT000976,B,0,42,12,1,1793
JT000977,B,0,32,12,1,1512
JT000978,B,0,39,17,1,2212
JT000979,B,0,24,18,1,2103
JT000980,B,0,33,9,1,1786
JT000981,B,0,46,11,1,1912
JT000982,B,1,37,12,0,0
JT000983,B,0,42,13,1,2150
JT000984,B,1,51,16,1,2897
JT000985,B,1,53,12,0,0
JT000986,B,1,42,10,0,0
JT000987,B,0,41,15,1,2304
JT000988,B,1,21,12,1,1743
JT000989,B,0,39,13,0,0
JT000990,B,0,21,14,0,0
JT000991,B,0,42,15,1,2223
JT000992,B,1,22,17,1,2035
JT000993,B,1,23,15,0,0
JT000994,B,1,26,13,1,1612
JT000995,B,0,30,14,0,0
JT000996,B,0,19,9,0,0
JT000997,B,1,35,17,1,2125
JT000998,B,0,20,11,0,0
JT000999,B,1,27,16,1,1874
JT001000,B,1,55,9,0,0
JT001001,B,0,41,16,0,0
JT001002,B,0,47,12,1,2424
JT001003,B,0,40,17,0,0
JT001004,B,0,48,16,0,0
JT001005,B,0,25,10,1,1164
JT001006,B,0,45,16,0,0
JT001007,B,0,22,15,1,1702
JT001008,B,0,55,11,0,0
JT001009,B,0,55,16,1,2267
JT001010,B,1,40,10,0,0
JT001011,B,0,50,16,1,2710
JT001012,B,1,50,13,1,1907
JT001013,B,0,46,15,0,0
JT001014,B,1,40,13,0,0
JT001015,B,1,46,11,0,0
JT001016,B,1,37,18,0,0
JT001017,B,0,44,12,0,0
JT001018,B,0,24,15,0,0
JT001019,B,1,32,10,1,1762
JT001020,B,1,47,16,1,2768
JT001021,B,1,40,17,0,0
JT001022,B,0,35,11,1,1506
JT001023,B,0,50,13,0,0
JT001024,B,1,28,9,1,1583
JT001025,B,1,30,18,1,2812
JT001026,B,0,49,17,0,0
JT001027,B,1,34,18,1,2942
JT001028,B,0,50,14,0,0
JT001029,B,0,38,12,1,1743
JT001030,B,0,19,9,1,1525
JT001031,B,1,51,11,0,0
JT001032,B,0,22,14,1,1447
JT001033,B,1,47,18,1,2983
JT001034,B,0,27,9,1,1532
JT001035,B,0,50,9,1,1464
JT001036,B,1,34,16,1,2198
JT001037,B,1,54,15,1,2563
JT001038,B,1,50,17,0,0
JT001039,B,0,54,11,0,0
JT001040,B,1,27,15,0,0
JT001041,B,0,24,14,0,0
JT001042,B,1,25,18,0,0
JT001043,B,0,41,10,0,0
JT001044,B,0,41,10,1,1442
JT001045,B,1,39,17,1,2717
JT001046,B,0,55,11,0,0
JT001047,B,0,53,17,0,0
JT001048,B,1,40,14,0,0
JT001049,B,1,33,10,0,0
JT001050,B,0,29,16,1,1793
JT001051,B,1,25,17,0,0
JT001052,B,0,46,12,0,0
JT001053,B,1,20,13,1,1754
JT001054,B,1,36,13,1,2250
JT001055,B,0,51,9,0,0
JT001056,B,1,48,15,1,1964
JT001057,B,0,40,13,1,2454
JT001058,B,0,47,16,0,0
JT001059,B,1,38,11,0,0
JT001060,B,0,50,11,0,0
JT001061,B,0,39,17,0,0
JT001062,B,0,50,18,1,2665
JT001063,B,1,40,17,0,0
JT001064,B,0,19,9,0,0
JT001065,B,0,22,11,1,1415
JT001066,B,0,34,10,0,0
JT001067,B,0,48,10,1,2229
JT001068,B,0,23,16,0,0
JT001069,B,0,51,15,0,0
JT001070,B,1,20,9,1,1180
JT001071,B,0,24,18,1,1905
JT001072,B,1,32,9,0,0
JT001073,B,0,50,15,1,2799
JT001074,B,1,41,17,1,3028
JT001075,B,0,33,15,1,2642
JT001076,B,1,34,14,0,0
JT001077,B,0,38,10,0,0
JT001078,B,1,28,17,1,2323
JT001079,B,1,51,9,0,0
JT001080,B,1,40,11,0,0
JT001081,B,0,31,13,0,0
JT001082,B,1,21,16,1,1671
JT001083,B,0,51,16,0,0
JT001084,B,1,26,13,0,0
JT001085,B,1,21,17,0,0
JT001086,B,0,39,17,0,0
JT001087,B,1,30,10,0,0
JT001088,B,0,32,11,0,0
JT001089,B,0,42,13,0,0
JT001090,B,1,44,16,1,1993
JT001091,B,0,29,9,0,0
JT001092,B,1,36,14,0,0
JT001093,B,1,41,14,0,0
JT001094,B,0,29,10,0,0
JT001095,B,0,48,16,0,0
JT001096,B,0,22,12,1,1715
JT001097,B,1,46,9,0,0
JT001098,B,0,24,9,1,1533
JT001099,B,1,42,16,1,2694
JT001100,B,1,47,15,1,1997
JT001101,B,0,46,10,1,1448
JT001102,B,1,23,12,1,1831
JT001103,B,0,35,9,0,0
JT001104,B,0,22,14,0,0
JT001105,B,1,24,17,1,1907
JT001106,B,0,28,13,1,1656
JT001107,B,1,26,9,0,0
JT001108,B,0,55,10,1,1601
JT001109,B,1,51,17,1,3094
JT001110,B,0,26,12,1,2105
JT001111,B,0,38,13,0,0
JT001112,B,0,19,12,0,0
JT001113,B,1,53,9,1,1524
JT001114,B,1,39,14,1,1796
JT001115,B,0,22,12,1,1381
JT001116,B,0,26,14,1,1928
JT001117,B,1,32,14,1,2498
JT001118,B,0,24,10,0,0
JT001119,B,0,51,16,1,2368
JT001120,B,1,21,18,1,2324
JT001121,B,0,30,12,1,1907
JT001122,B,0,28,10,1,1697
JT001123,B,1,31,12,0,0
JT001124,B,1,50,12,0,0
JT001125,B,0,36,15,1,2471
JT001126,B,0,39,17,1,2794
JT001127,B,1,28,14,1,1657
JT001128,B,1,25,13,1,1425
JT001129,B,0,33,13,0,0
JT001130,B,0,30,18,1,2388
JT001131,B,1,25,17,1,2327
JT001132,B,0,39,9,1,1837
JT001133,B,0,46,18,0,0
JT001134,B,0,21,13,1,2041
JT001135,B,1,29,16,0,0
JT001136,B,1,23,11,1,1504
JT001137,B,0,30,12,1,2162
JT001138,B,1,48,15,1,2104
JT001139,B,0,31,12,1,1894
JT001140,B,1,29,14,1,1749
JT001141,B,0,21,17,1,2353
JT001142,B,0,33,13,0,0
JT001143,B,0,21,12,1,1865
JT001144,B,1,32,11,1,1515
JT001145,B,1,24,11,1,1927
JT001146,B,0,23,13,1,1446
JT001147,B,1,52,10,1,1803
JT001148,B,0,29,11,0,0
JT001149,B,0,55,14,1,2399
JT001150,B,0,50,12,1,2410
JT001151,B,0,25,18,0,0
JT001152,B,0,48,17,0,0
JT001153,B,0,44,13,0,0
JT001154,B,1,40,17,0,0
JT001155,B,1,22,15,0,0
JT001156,B,0,24,16,0,0
JT001157,B,0,33,11,1,1827
JT001158,B,0,28,11,0,0
JT001159,B,0,46,13,1,1917
JT001160,B,0,49,18,1,2635
JT001161,B,0,31,11,0,0
JT001162,B,1,45,10,0,0
JT001163,B,0,38,15,1,2291
JT001164,B,0,47,10,1,2111
JT001165,B,1,40,10,0,0
JT001166,B,1,54,13,0,0
JT001167,B,1,42,11,0,0
JT001168,B,1,43,15,1,2839
JT001169,B,0,29,18,1,2372
JT001170,B,1,36,15,0,0
JT001171,B,1,36,12,0,0
JT001172,B,0,19,11,1,1379
JT001173,B,0,39,13,0,0
JT001174,B,1,26,10,0,0
JT001175,B,1,55,9,1,1636
JT001176,B,1,25,14,1,1544
JT001177,B,1,48,10,0,0
JT001178,B,0,19,17,1,1811
JT001179,B,1,25,14,1,1954
JT001180,B,0,30,16,1,2217
JT001181,B,0,42,12,0,0
JT001182,B,0,20,11,1,1483
JT001183,B,1,50,9,1,1659
JT001184,B,0,41,11,0,0
JT001185,B,1,33,17,1,1992
JT001186,B,1,22,13,0,0
JT001187,B,0,45,13,0,0
JT001188,B,1,31,17,1,2710
JT001189,B,1,45,16,0,0
JT001190,B,1,29,12,0,0
JT001191,B,1,30,14,1,2078
JT001192,B,1,19,11,0,0
JT001193,B,1,30,12,0,0
JT001194,B,1,28,15,1,2162
JT001195,B,1,47,11,0,0
JT001196,B,1,46,10,0,0
JT001197,B,1,46,17,1,2317
JT001198,B,0,28,15,1,2074
JT001199,B,0,25,14,1,1530
JT001200,B,1,20,18,1,2195
JT001201,C,0,41,13,1,2543
JT001202,C,1,24,11,0,0
JT001203,C,1,21,18,1,2025
JT001204,C,1,47,18,0,0
JT001205,C,0,45,13,1,1856
JT001206,C,1,48,9,0,0
JT001207,C,1,47,13,0,0
JT001208,C,0,45,16,0,0
JT001209,C,1,50,17,1,2888
JT001210,C,0,33,14,1,2332
JT001211,C,0,26,10,0,0
JT001212,C,0,27,14,0,0
JT001213,C,0,30,18,0,0
JT001214,C,0,29,13,1,1792
JT001215,C,1,45,17,1,3128
JT001216,C,0,49,17,1,2649
JT001217,C,0,49,14,0,0
JT001218,C,0,27,17,1,2526
JT001219,C,0,26,14,1,2126
JT001220,C,0,36,15,1,2007
JT001221,C,0,37,13,1,2338
JT001222,C,0,22,17,1,2727
JT001223,C,1,42,14,1,2059
JT001224,C,1,27,14,1,2344
JT001225,C,1,48,9,0,0
JT001226,C,1,37,12,1,2356
JT001227,C,1,20,17,1,2170
JT001228,C,0,21,17,1,1996
JT001229,C,1,46,13,1,2276
JT001230,C,1,43,14,1,2397
JT001231,C,1,39,9,0,0
JT001232,C,1,50,12,0,0
JT001233,C,1,42,15,0,0
JT001234,C,1,26,12,0,0
JT001235,C,0,43,16,0,0
JT001236,C,1,43,17,1,2968
JT001237,C,1,42,14,1,2098
JT001238,C,0,54,18,1,3480
JT001239,C,0,44,10,1,1554
JT001240,C,1,54,18,1,2515
JT001241,C,0,43,16,1,2827
JT001242,C,1,42,18,1,2368
JT001243,C,0,30,15,1,1882
JT001244,C,1,37,17,1,2585
JT001245,C,0,33,15,1,2740
JT001246,C,1,47,13,0,0
JT001247,C,0,46,17,1,2967
JT001248,C,0,32,13,0,0
JT001249,C,0,49,17,1,3136
JT001250,C,1,43,11,0,0
JT001251,C,1,53,9,1,1845
JT001252,C,0,30,14,1,2550
JT001253,C,1,27,18,0,0
JT001254,C,0,20,10,1,1302
JT001255,C,0,54,17,0,0
JT001256,C,0,20,13,0,0
JT001257,C,1,20,10,0,0
JT001258,C,1,54,14,0,0
JT001259,C,0,43,12,0,0
JT001260,C,0,28,13,1,1953
JT001261,C,1,32,16,0,0
JT001262,C,1,28,13,0,0
JT001263,C,0,45,9,0,0
JT001264,C,1,43,15,0,0
JT001265,C,0,27,14,1,2293
JT001266,C,1,35,17,1,2619
JT001267,C,1,51,10,0,0
JT001268,C,0,33,13,1,2096
JT001269,C,0,36,10,0,0
JT001270,C,0,51,12,1,2534
JT001271,C,0,29,18,1,2116
JT001272,C,0,45,17,1,2487
JT001273,C,0,33,18,1,2289
JT001274,C,1,26,13,1,2428
JT001275,C,1,36,16,0,0
JT001276,C,0,38,17,0,0
JT001277,C,0,33,12,0,0
JT001278,C,0,51,14,0,0
JT001279,C,0,34,15,1,1943
JT001280,C,0,47,9,0,0
JT001281,C,1,25,17,0,0
JT001282,C,1,27,12,0,0
JT001283,C,0,19,18,1,2816
JT001284,C,1,51,16,1,2654
JT001285,C,0,24,10,0,0
JT001286,C,1,27,18,0,0
JT001287,C,0,30,18,1,2943
JT001288,C,1,48,18,1,3243
JT001289,C,0,49,11,1,2327
JT001290,C,0,24,14,1,2416
JT001291,C,1,54,18,1,3443
JT001292,C,1,49,9,1,2100
JT001293,C,1,22,15,0,0
JT001294,C,0,25,15,1,1791
JT001295,C,0,19,12,0,0
JT001296,C,0,29,18,1,3067
JT001297,C,0,46,18,1,3245
JT001298,C,1,23,14,1,1840
JT001299,C,1,20,17,1,2730
JT001300,C,0,45,17,1,2477
JT001301,C,0,37,15,0,0
JT001302,C,0,55,11,0,0
JT001303,C,1,25,16,1,1967
JT001304,C,1,27,13,1,2197
JT001305,C,0,28,11,1,2080
JT001306,C,1,39,10,1,1679
JT001307,C,1,20,15,1,1881
JT001308,C,1,25,12,0,0
JT001309,C,0,54,9,1,1554
JT001310,C,0,29,15,1,2195
JT001311,C,0,45,17,0,0
JT001312,C,0,39,11,0,0
JT001313,C,1,43,9,1,1791
JT001314,C,0,23,14,1,1583
JT001315,C,1,36,13,1,2431
JT001316,C,1,45,13,1,2484
JT001317,C,1,32,13,1,1832
JT001318,C,1,47,15,0,0
JT001319,C,0,41,15,1,2225
JT001320,C,0,26,13,1,1631
JT001321,C,0,40,15,0,0
JT001322,C,0,36,9,1,1622
JT001323,C,1,32,14,0,0
JT001324,C,1,44,17,1,2539
JT001325,C,1,34,11,1,1784
JT001326,C,0,42,17,0,0
JT001327,C,1,36,11,1,2186
JT001328,C,1,26,18,0,0
JT001329,C,1,54,10,0,0
JT001330,C,0,52,13,0,0
JT001331,C,1,46,11,1,2496
JT001332,C,0,24,14,1,2445
JT001333,C,0,52,14,0,0
JT001334,C,1,51,15,1,2138
JT001335,C,1,54,12,0,0
JT001336,C,1,19,9,1,1585
JT001337,C,0,33,18,1,2642
JT001338,C,1,35,14,1,2035
JT001339,C,1,44,12,1,2569
JT001340,C,0,28,12,1,2228
JT001341,C,1,28,12,0,0
JT001342,C,0,21,13,0,0
JT001343,C,1,44,16,1,2285
JT001344,C,0,55,13,0,0
JT001345,C,0,55,10,0,0
JT001346,C,1,28,9,0,0
JT001347,C,1,22,16,0,0
JT001348,C,1,46,15,1,2569
JT001349,C,1,19,14,1,1484
JT001350,C,1,32,16,0,0
JT001351,C,0,27,12,0,0
JT001352,C,1,45,10,0,0
JT001353,C,1,32,10,1,1651
JT001354,C,0,39,11,1,1508
JT001355,C,1,36,18,1,2966
JT001356,C,0,45,16,0,0
JT001357,C,1,55,11,1,2209
JT001358,C,1,22,18,0,0
JT001359,C,1,19,15,1,1732
JT001360,C,0,38,13,0,0
JT001361,C,0,24,16,0,0
JT001362,C,1,46,11,1,1849
JT001363,C,1,44,13,0,0
JT001364,C,0,35,14,0,0
JT001365,C,1,43,12,0,0
JT001366,C,1,47,15,0,0
JT001367,C,0,50,11,1,1785
JT001368,C,1,49,13,0,0
JT001369,C,1,20,14,0,0
JT001370,C,0,43,14,1,2300
JT001371,C,1,46,17,1,2829
JT001372,C,0,46,9,1,1957
JT001373,C,1,32,13,0,0
JT001374,C,1,53,12,1,2237
JT001375,C,1,31,13,1,1570
JT001376,C,0,44,18,0,0
JT001377,C,1,28,16,1,2651
JT001378,C,1,43,17,0,0
JT001379,C,0,54,11,1,2599
JT001380,C,1,24,17,0,0
JT001381,C,1,41,17,1,2888
JT001382,C,1,39,14,1,2621
JT001383,C,1,46,9,1,2074
JT001384,C,1,35,17,1,2811
JT001385,C,0,25,10,0,0
JT001386,C,1,21,10,1,1138
JT001387,C,0,46,12,0,0
JT001388,C,0,33,13,1,1968
JT001389,C,1,44,18,1,3282
JT001390,C,1,42,15,1,2553
JT001391,C,0,53,13,1,2178
JT001392,C,0,29,14,1,2151
JT001393,C,1,46,18,0,0
JT001394,C,0,22,18,1,2201
JT001395,C,0,53,10,0,0
JT001396,C,1,45,13,0,0
JT001397,C,1,49,9,0,0
JT001398,C,1,26,16,0,0
JT001399,C,0,53,14,1,2709
JT001400,C,1,31,11,1,1873
JT001401,C,1,26,9,0,0
JT001402,C,1,35,12,0,0
JT001403,C,1,43,14,0,0
JT001404,C,1,23,15,1,2407
JT001405,C,0,29,15,1,1774
JT001406,C,0,55,17,1,2570
JT001407,C,1,48,18,1,3011
JT001408,C,1,33,11,1,2237
JT001409,C,0,45,12,1,1857
JT001410,C,1,39,14,1,2631
JT001411,C,1,55,15,0,0
JT001412,C,1,33,11,0,0
JT001413,C,1,21,13,1,2163
JT001414,C,0,19,15,1,2526
JT001415,C,1,23,9,0,0
JT001416,C,1,46,13,1,2465
JT001417,C,0,30,14,0,0
JT001418,C,0,49,12,0,0
JT001419,C,1,29,18,1,2884
JT001420,C,1,33,12,0,0
JT001421,C,0,48,14,1,2491
JT001422,C,1,32,13,0,0
JT001423,C,1,43,10,0,0
JT001424,C,1,28,11,1,1568
JT001425,C,0,35,14,1,2287
JT001426,C,0,21,12,0,0
JT001427,C,1,21,18,0,0
JT001428,C,0,44,18,0,0
JT001429,C,0,33,18,1,2923
JT001430,C,1,41,15,0,0
JT001431,C,1,44,14,1,2103
JT001432,C,1,40,10,1,2114
JT001433,C,1,36,9,1,1484
JT001434,C,0,26,10,0,0
JT001435,C,0,55,18,1,3321
JT001436,C,1,44,12,1,2186
JT001437,C,1,54,13,0,0
JT001438,C,0,38,11,1,2197
JT001439,C,0,42,14,1,2687
JT001440,C,0,19,17,0,0
JT001441,C,1,55,15,1,2248
JT001442,C,0,28,12,1,2347
JT001443,C,0,50,14,1,2754
JT001444,C,0,22,17,1,1957
JT001445,C,1,26,18,1,2899
JT001446,C,0,53,14,1,2998
JT001447,C,0,38,16,1,2079
JT001448,C,1,20,12,1,1692
JT001449,C,1,53,12,1,2618
JT001450,C,1,35,15,0,0
JT001451,C,1,25,10,1,2017
JT001452,C,1,34,18,0,0
JT001453,C,1,33,11,1,2127
JT001454,C,1,23,13,1,1915
JT001455,C,0,26,13,1,2255
JT001456,C,1,23,14,0,0
JT001457,C,0,52,15,1,2746
JT001458,C,0,19,13,0,0
JT001459,C,1,42,15,1,2828
JT001460,C,0,41,17,1,2988
JT001461,C,1,27,15,0,0
JT001462,C,1,46,9,1,2277
JT001463,C,1,26,12,1,2122
JT001464,C,0,46,9,0,0
JT001465,C,0,47,16,1,2249
JT001466,C,0,41,18,0,0
JT001467,C,1,29,15,1,2354
JT001468,C,1,24,17,0,0
JT001469,C,0,53,17,0,0
JT001470,C,1,43,16,1,2393
JT001471,C,0,43,14,0,0
JT001472,C,0,44,10,0,0
JT001473,C,1,32,13,0,0
JT001474,C,0,53,10,0,0
JT001475,C,1,46,17,0,0
JT001476,C,1,39,14,0,0
JT001477,C,0,52,11,0,0
JT001478,C,0,38,9,0,0
JT001479,C,1,27,18,0,0
JT001480,C,0,30,16,0,0
JT001481,C,1,54,13,1,2831
JT001482,C,1,47,14,0,0
JT001483,C,1,19,15,1,1913
JT001484,C,1,30,17,1,2025
JT001485,C,0,52,11,1,2414
JT001486,C,1,19,9,0,0
JT001487,C,1,48,14,0,0
JT001488,C,0,27,12,0,0
JT001489,C,1,49,13,1,2157
JT001490,C,0,36,16,1,2919
JT001491,C,0,20,17,1,2109
JT001492,C,1,20,17,1,2510
JT001493,C,0,43,9,0,0
JT001494,C,1,54,11,0,0
JT001495,C,0,27,15,0,0
JT001496,C,1,26,12,1,1884
JT001497,C,1,55,10,1,2388
JT001498,C,0,27,10,1,1942
JT001499,C,0,53,14,1,2958
JT001500,C,1,33,14,0,0
JT001501,C,0,27,18,1,2938
JT001502,C,1,49,16,1,2219
JT001503,C,0,23,18,1,2536
JT001504,C,1,52,12,1,1969
JT001505,C,1,29,17,0,0
JT001506,C,1,23,12,1,1409
JT001507,C,1,25,16,1,2109
JT001508,C,0,24,12,0,0
JT001509,C,1,32,14,1,2438
JT001510,C,0,32,18,1,2418
JT001511,C,1,54,16,0,0
JT001512,C,0,51,12,1,1993
JT001513,C,0,27,11,1,1906
JT001514,C,0,37,12,0,0
JT001515,C,0,35,12,1,1949
JT001516,C,0,41,9,0,0
JT001517,C,1,47,16,1,2208
JT001518,C,0,30,10,1,1348
JT001519,C,0,37,14,0,0
JT001520,C,1,43,18,0,0
JT001521,C,0,48,9,0,0
JT001522,C,1,38,9,0,0
JT001523,C,1,37,14,0,0
JT001524,C,1,41,14,1,1913
JT001525,C,1,36,18,1,2958
JT001526,C,0,52,10,1,1653
JT001527,C,0,19,16,0,0
JT001528,C,0,20,16,0,0
JT001529,C,0,40,15,0,0
JT001530,C,0,48,16,0,0
JT001531,C,1,47,18,1,3075
JT001532,C,0,54,15,0,0
JT001533,C,1,46,13,1,2657
JT001534,C,0,19,15,1,2376
JT001535,C,0,25,11,1,1256
JT001536,C,1,45,13,1,1932
JT001537,C,1,50,13,1,2814
JT001538,C,0,50,9,0,0
JT001539,C,0,31,9,1,1704
JT001540,C,1,41,10,0,0
JT001541,C,0,24,11,0,0
JT001542,C,1,42,13,1,2089
JT001543,C,1,26,9,1,1084
JT001544,C,1,33,17,1,2366
JT001545,C,1,39,9,0,0
JT001546,C,1,30,11,0,0
JT001547,C,0,30,13,1,2310
JT001548,C,1,31,12,0,0
JT001549,C,1,32,14,1,1716
JT001550,C,0,28,10,0,0
JT001551,C,0,43,16,0,0
JT001552,C,1,44,10,0,0
JT001553,C,1,50,10,1,1793
JT001554,C,1,44,10,1,1728
JT001555,C,0,22,9,0,0
JT001556,C,0,46,11,1,2498
JT001557,C,0,29,17,0,0
JT001558,C,1,20,17,1,2457
JT001559,C,1,21,13,0,0
JT001560,C,0,54,15,0,0
JT001561,C,1,22,9,1,1285
JT001562,C,0,35,11,0,0
JT001563,C,0,38,10,1,2223
JT001564,C,0,43,16,0,0
JT001565,C,0,30,18,1,2196
JT001566,C,0,45,10,0,0
JT001567,C,0,29,12,1,1887
JT001568,C,1,48,11,0,0
JT001569,C,1,26,10,1,1254
JT001570,C,1,40,17,1,2528
JT001571,C,1,26,18,1,2169
JT001572,C,0,38,17,1,2683
JT001573,C,1,44,15,1,2866
JT001574,C,1,40,16,0,0
JT001575,C,0,44,12,0,0
JT001576,C,0,51,13,1,2510
JT001577,C,1,42,13,0,0
JT001578,C,0,52,12,0,0
JT001579,C,1,42,9,0,0
JT001580,C,1,33,11,1,1866
JT001581,C,0,47,18,1,2851
JT001582,C,0,20,10,0,0
JT001583,C,1,36,9,0,0
JT001584,C,0,48,17,1,2685
JT001585,C,1,19,11,1,1146
JT001586,C,0,46,9,0,0
JT001587,C,0,42,13,0,0
JT001588,C,1,24,11,0,0
JT001589,C,1,51,15,1,2614
JT001590,C,0,36,18,1,2589
JT001591,C,0,31,12,0,0
JT001592,C,0,27,11,1,1871
JT001593,C,0,52,12,1,2676
JT001594,C,1,39,12,0,0
JT001595,C,0,23,15,0,0
JT001596,C,1,46,11,1,2000
JT001597,C,1,44,18,1,2511
JT001598,C,1,31,9,0,0
JT001599,C,1,26,17,1,2117
JT001600,C,0,28,16,1,1895
JT001601,C,0,30,15,0,0
JT001602,C,1,33,18,1,2966
JT001603,C,1,23,9,1,1130
JT001604,C,1,39,11,1,1537
JT001605,C,1,35,13,0,0
JT001606,C,1,26,18,1,2334
JT001607,C,0,45,9,0,0
JT001608,C,1,27,18,1,2900
JT001609,C,0,46,16,1,2620
JT001610,C,0,27,12,1,1475
JT001611,C,0,21,18,1,2114
JT001612,C,0,19,13,1,1712
JT001613,C,0,28,10,1,1836
JT001614,C,0,31,13,0,0
JT001615,C,1,50,10,1,2414
JT001616,C,0,51,10,0,0
JT001617,C,1,36,10,1,1987
JT001618,C,1,46,13,0,0
JT001619,C,1,22,14,0,0
JT001620,C,0,53,11,1,1829
JT001621,C,0,20,9,1,1725
JT001622,C,1,32,16,0,0
JT001623,C,1,37,18,0,0
JT001624,C,1,31,14,1,2534
JT001625,C,0,34,17,0,0
JT001626,C,1,39,13,1,2338
JT001627,C,0,20,16,1,2160
JT001628,C,0,41,9,0,0
JT001629,C,1,35,9,1,1924
JT001630,C,0,37,11,0,0
JT001631,C,1,49,13,1,2125
JT001632,C,1,45,12,0,0
JT001633,C,1,31,14,0,0
JT001634,C,1,43,18,0,0
JT001635,C,0,52,18,0,0
JT001636,C,0,53,13,1,2581
JT001637,C,0,47,13,0,0
JT001638,C,1,26,11,0,0
JT001639,C,0,37,16,1,2479
JT001640,C,1,30,15,0,0
JT001641,C,0,44,15,0,0
JT001642,C,1,22,16,0,0
JT001643,C,0,31,11,0,0
JT001644,C,1,30,13,1,2357
JT001645,C,0,20,14,1,1523
JT001646,C,0,53,9,1,1446
JT001647,C,0,44,12,0,0
JT001648,C,0,36,15,0,0
JT001649,C,1,54,15,1,2831
JT001650,C,0,45,17,1,2377
JT001651,C,1,28,17,1,1965
JT001652,C,0,25,18,0,0
JT001653,C,1,53,16,0,0
JT001654,C,0,46,12,0,0
JT001655,C,0,48,12,0,0
JT001656,C,1,28,15,0,0
JT001657,C,0,49,12,0,0
JT001658,C,0,39,17,1,2369
JT001659,C,1,22,11,1,1179
JT001660,C,1,38,9,1,2180
JT001661,C,1,33,11,0,0
JT001662,C,1,40,10,0,0
JT001663,C,0,27,14,1,2193
JT001664,C,1,26,16,0,0
JT001665,C,1,22,14,0,0
JT001666,C,0,33,14,1,2603
JT001667,C,0,19,16,1,2148
JT001668,C,0,28,10,0,0
JT001669,C,0,22,12,0,0
JT001670,C,1,26,15,1,2542
JT001671,C,1,34,15,0,0
JT001672,C,1,24,10,0,0
JT001673,C,0,22,13,1,2183
JT001674,C,1,50,15,1,2212
JT001675,C,1,36,12,1,2418
JT001676,C,1,35,18,1,2550
JT001677,C,1,23,14,1,1942
JT001678,C,1,55,11,0,0
JT001679,C,1,42,9,0,0
JT001680,C,0,28,10,0,0
JT001681,C,0,47,11,1,2239
JT001682,C,1,36,14,0,0
JT001683,C,0,29,13,1,2121
JT001684,C,1,50,15,1,2434
JT001685,C,0,25,14,0,0
JT001686,C,1,49,10,1,2261
JT001687,C,1,35,9,1,1605
JT001688,C,0,21,18,1,2581
JT001689,C,1,27,17,1,2422
JT001690,C,0,50,9,1,2095
JT001691,C,1,37,9,0,0
JT001692,C,0,25,15,0,0
JT001693,C,0,43,15,0,0
JT001694,C,1,22,15,1,2248
JT001695,C,0,37,16,0,0
JT001696,C,0,26,11,0,0
JT001697,C,1,38,11,1,2225
JT001698,C,1,52,16,0,0
JT001699,C,0,20,11,0,0
JT001700,C,0,21,9,1,1779
JT001701,C,0,25,11,0,0
JT001702,C,1,19,17,1,2005
JT001703,C,0,55,9,0,0
JT001704,C,0,53,12,0,0
JT001705,C,1,50,17,0,0
JT001706,C,1,49,15,1,2948
JT001707,C,0,34,12,1,1480
JT001708,C,1,41,14,1,2039
JT001709,C,1,33,14,0,0
JT001710,C,0,33,12,0,0
JT001711,C,0,33,17,0,0
JT001712,C,0,42,12,0,0
JT001713,C,0,19,10,1,1431
JT001714,C,1,52,11,0,0
JT001715,C,0,53,13,0,0
JT001716,C,0,32,12,0,0
JT001717,C,1,41,13,0,0
JT001718,C,0,40,14,0,0
JT001719,C,1,53,10,1,2426
JT001720,C,0,46,13,0,0
JT001721,C,1,47,13,0,0
JT001722,C,1,46,11,1,2514
JT001723,C,1,35,12,0,0
JT001724,C,1,28,10,0,0
JT001725,C,1,46,18,1,3177
JT001726,C,1,55,13,0,0
JT001727,C,0,49,15,0,0
JT001728,C,0,31,11,0,0
JT001729,C,1,47,14,1,2242
JT001730,C,1,45,12,1,2237
JT001731,C,0,51,15,0,0
JT001732,C,0,34,18,1,3018
JT001733,C,1,28,15,1,2356
JT001734,C,1,41,11,1,2203
JT001735,C,0,51,10,0,0
JT001736,C,1,22,11,1,1309
JT001737,C,0,21,9,0,0
JT001738,C,0,45,14,0,0
JT001739,C,0,42,15,1,2258
JT001740,C,0,21,14,1,2146
JT001741,C,0,42,15,1,2165
JT001742,C,1,54,9,1,1573
JT001743,C,0,26,17,1,2265
JT001744,C,1,35,12,0,0
JT001745,C,1,42,14,0,0
JT001746,C,1,40,17,0,0
JT001747,C,1,42,12,0,0
JT001748,C,1,32,17,0,0
JT001749,C,1,24,15,0,0
JT001750,C,0,47,13,0,0
JT001751,C,0,54,14,1,2673
JT001752,C,0,47,15,1,2669
JT001753,C,0,55,16,1,3044
JT001754,C,0,48,11,1,2360
JT001755,C,1,47,17,0,0
JT001756,C,1,34,18,1,3103
JT001757,C,0,49,13,0,0
JT001758,C,1,19,11,0,0
JT001759,C,0,33,13,1,2048
JT001760,C,0,38,14,1,1795
JT001761,C,1,40,18,1,2275
JT001762,C,1,42,17,1,2769
JT001763,C,0,51,18,1,2529
JT001764,C,0,34,18,1,2363
JT001765,C,0,50,13,1,2025
JT001766,C,1,35,14,1,2166
JT001767,C,1,19,18,0,0
JT001768,C,1,23,13,1,2334
JT001769,C,0,51,9,1,1718
JT001770,C,0,25,11,1,2144
JT001771,C,1,29,15,1,1835
JT001772,C,0,47,17,0,0
JT001773,C,0,23,15,0,0
JT001774,C,0,30,17,0,0
JT001775,C,1,19,11,0,0
JT001776,C,0,46,18,0,0
JT001777,C,1,40,12,0,0
JT001778,C,1,46,18,1,3299
JT001779,C,1,29,11,0,0
JT001780,C,0,46,12,0,0
JT001781,C,0,45,14,1,2657
JT001782,C,1,44,18,0,0
JT001783,C,0,52,9,1,1545
JT001784,C,1,55,13,1,2532
JT001785,C,0,51,11,1,1854
JT001786,C,1,26,11,0,0
JT001787,C,0,46,17,1,3004
JT001788,C,1,33,14,0,0
JT001789,C,0,53,15,1,2584
JT001790,C,1,42,14,1,2604
JT001791,C,1,55,17,1,2575
JT001792,C,1,53,12,0,0
JT001793,C,0,31,16,0,0
JT001794,C,1,25,12,0,0
JT001795,C,0,39,10,1,1693
JT001796,C,0,33,17,1,2632
JT001797,C,1,39,12,1,2107
JT001798,C,1,46,15,0,0
JT001799,C,0,42,15,0,0
JT001800,C,1,31,17,1,2815
JT001801,D,0,52,17,0,0
JT001802,D,0,19,12,1,1680
JT001803,D,1,37,18,1,3032
JT001804,D,0,39,12,0,0
JT001805,D,1,21,9,1,1857
JT001806,D,1,36,18,0,0
JT001807,D,0,24,13,0,0
JT001808,D,1,26,13,0,0
JT001809,D,1,24,10,1,1562
JT001810,D,0,50,9,1,1678
JT001811,D,1,42,10,1,1689
JT001812,D,0,19,11,0,0
JT001813,D,0,49,18,0,0
JT001814,D,1,44,9,1,1871
JT001815,D,0,25,12,0,0
JT001816,D,0,48,14,0,0
JT001817,D,0,48,12,1,2651
JT001818,D,1,46,12,1,2497
JT001819,D,1,49,13,0,0
JT001820,D,0,43,11,0,0
JT001821,D,1,26,12,1,2464
JT001822,D,0,48,11,1,1894
JT001823,D,1,37,14,1,2780
JT001824,D,1,52,18,0,0
JT001825,D,1,23,15,0,0
JT001826,D,1,42,13,0,0
JT001827,D,0,24,17,1,2522
JT001828,D,1,46,14,0,0
JT001829,D,1,32,11,0,0
JT001830,D,1,36,13,1,2307
JT001831,D,0,49,11,0,0
JT001832,D,0,51,16,0,0
JT001833,D,1,19,10,1,1630
JT001834,D,0,46,11,1,2641
JT001835,D,1,40,16,0,0
JT001836,D,0,28,9,1,1334
JT001837,D,1,22,14,1,1856
JT001838,D,1,38,13,1,2656
JT001839,D,1,46,15,1,2388
JT001840,D,0,32,15,1,2634
JT001841,D,0,22,9,0,0
JT001842,D,1,25,11,0,0
JT001843,D,1,28,16,0,0
JT001844,D,1,37,15,1,2863
JT001845,D,1,54,15,0,0
JT001846,D,0,25,11,0,0
JT001847,D,1,47,14,0,0
JT001848,D,1,35,16,1,2595
JT001849,D,0,50,16,0,0
JT001850,D,1,48,11,1,1975
JT001851,D,0,39,10,0,0
JT001852,D,0,32,10,0,0
JT001853,D,0,50,11,1,2492
JT001854,D,1,45,16,1,3122
JT001855,D,0,53,17,1,3250
JT001856,D,1,26,14,1,2408
JT001857,D,0,31,13,0,0
JT001858,D,0,50,18,1,2725
JT001859,D,1,22,16,1,2455
JT001860,D,1,40,13,1,2643
JT001861,D,0,40,10,0,0
JT001862,D,0,42,10,1,1597
JT001863,D,1,40,15,0,0
JT001864,D,0,31,16,0,0
JT001865,D,1,22,18,1,2455
JT001866,D,1,40,18,0,0
JT001867,D,1,42,15,0,0
JT001868,D,0,27,10,1,2078
JT001869,D,1,50,16,1,3097
JT001870,D,1,47,16,0,0
JT001871,D,0,32,13,0,0
JT001872,D,1,52,16,1,2679
JT001873,D,1,54,18,1,3350
JT001874,D,0,43,18,0,0
JT001875,D,0,41,11,1,2048
JT001876,D,1,47,18,1,2965
JT001877,D,1,43,17,1,2840
JT001878,D,1,41,13,0,0
JT001879,D,1,30,17,1,2122
JT001880,D,0,53,13,0,0
JT001881,D,1,32,11,1,1953
JT001882,D,0,27,16,0,0
JT001883,D,1,31,12,0,0
JT001884,D,1,52,16,0,0
JT001885,D,0,44,14,1,2926
JT001886,D,1,52,14,0,0
JT001887,D,1,25,10,1,1939
JT001888,D,0,22,16,0,0
JT001889,D,1,48,13,0,0
JT001890,D,0,24,17,0,0
JT001891,D,0,51,15,0,0
JT001892,D,1,27,12,1,2222
JT001893,D,0,39,11,0,0
JT001894,D,1,36,10,0,0
JT001895,D,0,48,15,1,2497
JT001896,D,0,40,9,1,1573
JT001897,D,0,35,10,0,0
JT001898,D,0,43,9,0,0
JT001899,D,1,26,11,0,0
JT001900,D,1,27,16,1,2104
JT001901,D,0,32,15,0,0
JT001902,D,1,52,11,0,0
JT001903,D,1,31,14,1,2655
JT001904,D,1,55,11,1,2034
JT001905,D,1,36,10,0,0
JT001906,D,1,23,10,1,1948
JT001907,D,1,33,18,1,2773
JT001908,D,0,36,11,0,0
JT001909,D,0,42,11,1,2524
JT001910,D,0,30,10,1,1456
JT001911,D,1,24,11,1,1930
JT001912,D,1,34,12,1,1796
JT001913,D,1,21,10,1,1681
JT001914,D,0,29,14,1,2643
JT001915,D,0,24,9,0,0
JT001916,D,0,19,14,1,1773
JT001917,D,1,30,14,1,2469
JT001918,D,0,44,17,0,0
JT001919,D,1,29,9,0,0
JT001920,D,1,51,17,1,2458
JT001921,D,0,27,18,1,3045
JT001922,D,1,42,11,1,1910
JT001923,D,1,40,17,0,0
JT001924,D,1,54,10,1,2296
JT001925,D,0,25,11,0,0
JT001926,D,0,55,9,1,1946
JT001927,D,0,19,11,0,0
JT001928,D,1,45,9,1,2373
JT001929,D,0,22,13,1,1654
JT001930,D,1,43,14,0,0
JT001931,D,0,55,18,1,3303
JT001932,D,1,55,9,0,0
JT001933,D,0,30,16,1,2280
JT001934,D,1,40,13,0,0
JT001935,D,0,49,17,0,0
JT001936,D,1,50,12,0,0
JT001937,D,1,42,17,0,0
JT001938,D,1,49,12,0,0
JT001939,D,1,55,10,0,0
JT001940,D,0,30,14,1,2606
JT001941,D,0,25,9,0,0
JT001942,D,0,51,18,1,2752
JT001943,D,1,40,10,0,0
JT001944,D,0,30,13,1,2288
JT001945,D,0,42,18,1,2832
JT001946,D,0,49,13,0,0
JT001947,D,0,20,12,1,1419
JT001948,D,0,33,13,0,0
JT001949,D,1,33,9,1,1510
JT001950,D,0,40,10,0,0
JT001951,D,0,30,10,1,1581
JT001952,D,0,26,12,1,1626
JT001953,D,1,28,14,1,1813
JT001954,D,0,45,18,1,3139
JT001955,D,1,49,10,1,2052
JT001956,D,1,50,16,1,2314
JT001957,D,0,42,12,0,0
JT001958,D,0,49,16,1,2540
JT001959,D,1,52,9,0,0
JT001960,D,0,51,14,1,2289
JT001961,D,1,50,17,1,2664
JT001962,D,1,54,14,1,2408
JT001963,D,0,39,10,1,1559
JT001964,D,0,19,11,0,0
JT001965,D,1,31,9,1,1249
JT001966,D,0,50,10,0,0
JT001967,D,1,35,12,1,1771
JT001968,D,1,50,17,1,2972
JT001969,D,1,30,18,0,0
JT001970,D,0,43,12,1,1951
JT001971,D,0,40,17,1,2298
JT001972,D,1,25,16,1,2299
JT001973,D,1,30,15,0,0
JT001974,D,0,51,15,1,2363
JT001975,D,0,51,14,1,2159
JT001976,D,0,37,11,1,2251
JT001977,D,1,53,11,1,1901
JT001978,D,0,30,13,1,2184
JT001979,D,1,29,16,1,2322
JT001980,D,0,26,10,1,1399
JT001981,D,0,28,16,0,0
JT001982,D,0,33,15,0,0
JT001983,D,0,43,12,1,2274
JT001984,D,0,49,11,1,2356
JT001985,D,1,41,15,1,2613
JT001986,D,1,39,9,0,0
JT001987,D,0,50,15,0,0
JT001988,D,0,42,18,1,3076
JT001989,D,0,20,14,1,2219
JT001990,D,1,50,11,1,2132
JT001991,D,1,48,15,1,2576
JT001992,D,0,31,9,0,0
JT001993,D,0,55,9,1,1913
JT001994,D,0,38,18,1,3048
JT001995,D,1,55,12,1,2159
JT001996,D,0,23,9,1,1905
JT001997,D,0,44,17,1,2435
JT001998,D,1,53,17,0,0
JT001999,D,1,30,9,0,0
JT002000,D,1,50,14,1,2296
JT002001,D,1,31,11,1,1914
JT002002,D,1,38,9,0,0
JT002003,D,0,33,12,0,0
JT002004,D,1,30,10,0,0
JT002005,D,1,48,11,0,0
JT002006,D,1,51,14,0,0
JT002007,D,0,46,16,1,2566
JT002008,D,1,44,11,0,0
JT002009,D,1,19,14,0,0
JT002010,D,0,41,14,1,2762
JT002011,D,1,50,15,0,0
JT002012,D,1,46,14,0,0
JT002013,D,1,48,14,1,2397
JT002014,D,0,38,12,1,2133
JT002015,D,0,21,18,0,0
JT002016,D,0,54,13,1,2956
JT002017,D,1,31,10,0,0
JT002018,D,0,35,11,0,0
JT002019,D,0,41,14,1,2631
JT002020,D,1,31,17,1,2582
JT002021,D,0,37,9,0,0
JT002022,D,1,35,15,1,2618
JT002023,D,1,27,16,1,2899
JT002024,D,1,55,11,0,0
JT002025,D,0,35,10,1,1607
JT002026,D,0,49,10,1,1908
JT002027,D,1,54,18,0,0
JT002028,D,0,32,15,0,0
JT002029,D,0,27,15,0,0
JT002030,D,1,20,15,1,2342
JT002031,D,0,23,18,1,2380
JT002032,D,1,55,12,1,2695
JT002033,D,0,27,13,1,1926
JT002034,D,0,52,12,1,2527
JT002035,D,1,53,11,0,0
JT002036,D,0,21,17,0,0
JT002037,D,0,46,18,0,0
JT002038,D,0,36,10,0,0
JT002039,D,1,37,10,0,0
JT002040,D,0,45,14,1,2061
JT002041,D,1,47,9,1,2426
JT002042,D,0,35,18,1,2429
JT002043,D,1,31,16,0,0
JT002044,D,1,23,15,0,0
JT002045,D,1,46,10,0,0
JT002046,D,0,52,13,1,2661
JT002047,D,1,53,12,0,0
JT002048,D,0,41,13,1,2158
JT002049,D,1,27,13,1,1858
JT002050,D,0,25,10,1,1970
JT002051,D,0,42,9,1,2086
JT002052,D,0,28,15,1,2341
JT002053,D,1,48,13,0,0
JT002054,D,1,47,12,1,2104
JT002055,D,1,54,10,1,2684
JT002056,D,0,21,13,1,1895
JT002057,D,1,54,11,0,0
JT002058,D,0,50,9,1,2444
JT002059,D,0,51,11,0,0
JT002060,D,0,34,15,1,2677
JT002061,D,0,28,15,0,0
JT002062,D,0,31,16,0,0
JT002063,D,0,28,18,1,3170
JT002064,D,0,54,9,1,1694
JT002065,D,0,42,16,1,3060
JT002066,D,0,42,10,0,0
JT002067,D,1,36,9,1,2062
JT002068,D,0,54,9,0,0
JT002069,D,0,24,12,0,0
JT002070,D,1,54,10,1,2486
JT002071,D,0,55,12,1,2562
JT002072,D,1,36,16,0,0
JT002073,D,0,44,15,0,0
JT002074,D,1,34,17,1,2899
JT002075,D,1,32,12,0,0
JT002076,D,0,37,13,0,0
JT002077,D,1,28,17,1,2466
JT002078,D,1,49,15,1,3178
JT002079,D,1,29,12,0,0
JT002080,D,1,22,17,0,0
JT002081,D,0,35,11,0,0
JT002082,D,0,33,13,0,0
JT002083,D,0,37,15,1,2752
JT002084,D,0,52,14,1,2733
JT002085,D,1,42,10,1,2323
JT002086,D,1,32,15,0,0
JT002087,D,0,42,16,1,2389
JT002088,D,1,22,13,0,0
JT002089,D,1,39,17,1,2485
JT002090,D,1,22,18,1,2361
JT002091,D,0,32,14,1,2750
JT002092,D,1,30,14,0,0
JT002093,D,0,22,14,0,0
JT002094,D,0,43,13,1,2301
JT002095,D,0,34,17,0,0
JT002096,D,0,32,12,0,0
JT002097,D,0,40,16,0,0
JT002098,D,1,41,10,0,0
JT002099,D,0,54,16,0,0
JT002100,D,1,34,13,0,0
JT002101,D,0,32,14,1,2206
JT002102,D,0,31,16,0,0
JT002103,D,0,43,12,1,1847
JT002104,D,1,25,16,0,0
JT002105,D,1,23,16,0,0
JT002106,D,0,37,15,1,2849
JT002107,D,1,34,14,1,2592
JT002108,D,0,31,14,0,0
JT002109,D,1,34,15,0,0
JT002110,D,1,29,18,0,0
JT002111,D,1,26,16,0,0
JT002112,D,1,28,14,0,0
JT002113,D,0,37,13,0,0
JT002114,D,0,23,10,0,0
JT002115,D,0,39,18,1,3297
JT002116,D,1,23,18,1,2894
JT002117,D,0,29,17,0,0
JT002118,D,0,50,18,0,0
JT002119,D,1,39,15,1,2293
JT002120,D,1,50,12,1,1961
JT002121,D,1,44,13,1,2834
JT002122,D,0,31,11,0,0
JT002123,D,1,28,10,0,0
JT002124,D,1,43,10,1,1662
JT002125,D,0,46,15,0,0
JT002126,D,0,45,14,0,0
JT002127,D,0,30,13,0,0
JT002128,D,0,43,16,1,2618
JT002129,D,1,47,14,1,2446
JT002130,D,1,29,10,0,0
JT002131,D,0,25,18,1,2477
JT002132,D,1,54,15,0,0
JT002133,D,1,31,14,1,1823
JT002134,D,1,51,18,1,2776
JT002135,D,0,21,12,0,0
JT002136,D,1,34,13,1,2688
JT002137,D,1,35,16,1,2596
JT002138,D,1,51,15,0,0
JT002139,D,1,53,15,1,2307
JT002140,D,0,30,15,1,2029
JT002141,D,1,28,9,1,1746
JT002142,D,1,45,16,0,0
JT002143,D,1,46,14,0,0
JT002144,D,0,25,10,0,0
JT002145,D,0,50,14,1,3004
JT002146,D,0,27,16,1,2446
JT002147,D,1,19,12,0,0
JT002148,D,0,24,13,0,0
JT002149,D,1,49,15,1,2627
JT002150,D,0,47,14,1,2950
JT002151,D,0,34,18,1,2347
JT002152,D,0,41,13,1,2775
JT002153,D,0,24,11,0,0
JT002154,D,1,37,12,0,0
JT002155,D,1,55,16,1,2993
JT002156,D,1,53,16,1,3313
JT002157,D,1,54,13,1,2645
JT002158,D,1,44,15,1,2235
JT002159,D,0,32,10,1,1744
JT002160,D,0,52,11,0,0
JT002161,D,0,41,15,0,0
JT002162,D,0,44,14,1,2492
JT002163,D,0,47,18,1,3325
JT002164,D,0,36,16,0,0
JT002165,D,1,44,12,1,2076
JT002166,D,1,34,11,1,1987
JT002167,D,0,51,12,1,1894
JT002168,D,1,28,15,0,0
JT002169,D,1,33,16,0,0
JT002170,D,1,53,13,1,2494
JT002171,D,1,32,13,0,0
JT002172,D,0,19,10,1,1562
JT002173,D,0,23,15,0,0
JT002174,D,0,34,14,1,2531
JT002175,D,1,48,18,1,2959
JT002176,D,1,53,15,0,0
JT002177,D,0,28,9,0,0
JT002178,D,1,36,12,0,0
JT002179,D,1,50,15,0,0
JT002180,D,1,34,14,1,2629
JT002181,D,1,30,9,1,1338
JT002182,D,1,40,13,0,0
JT002183,D,0,41,13,1,2055
JT002184,D,1,40,11,1,1973
JT002185,D,0,31,10,0,0
JT002186,D,1,39,17,1,2444
JT002187,D,0,34,11,1,2308
JT002188,D,0,35,17,1,2978
JT002189,D,0,25,9,0,0
JT002190,D,1,43,13,1,2671
JT002191,D,1,44,18,1,2764
JT002192,D,0,53,13,0,0
JT002193,D,1,30,12,0,0
JT002194,D,0,48,13,1,2329
JT002195,D,1,45,17,1,3070
JT002196,D,1,55,17,0,0
JT002197,D,0,55,12,0,0
JT002198,D,1,28,15,0,0
JT002199,D,0,39,18,1,3063
JT002200,D,0,48,12,1,2808
JT002201,D,1,28,15,1,2522
JT002202,D,1,29,18,0,0
JT002203,D,1,36,10,0,0
JT002204,D,0,22,17,1,2793
JT002205,D,0,48,16,1,2796
JT002206,D,0,40,17,1,2727
JT002207,D,1,47,12,1,2537
JT002208,D,0,40,9,1,1721
JT002209,D,1,43,15,1,2195
JT002210,D,1,29,17,1,2455
JT002211,D,1,40,11,0,0
JT002212,D,0,24,11,1,1863
JT002213,D,0,53,14,1,2646
JT002214,D,1,44,16,0,0
JT002215,D,1,52,10,1,2379
JT002216,D,0,30,9,0,0
JT002217,D,1,41,10,0,0
JT002218,D,1,21,10,1,1362
JT002219,D,1,54,15,1,3182
JT002220,D,0,21,17,1,2841
JT002221,D,1,36,17,0,0
JT002222,D,1,25,12,1,1917
JT002223,D,1,39,17,0,0
JT002224,D,0,27,17,1,2305
JT002225,D,1,23,14,0,0
JT002226,D,1,38,14,1,2851
JT002227,D,1,51,10,1,1805
JT002228,D,1,50,16,0,0
JT002229,D,1,30,15,1,2001
JT002230,D,1,41,11,1,1898
JT002231,D,1,31,17,0,0
JT002232,D,1,35,17,1,2380
JT002233,D,0,38,12,1,1692
JT002234,D,1,31,13,0,0
JT002235,D,0,51,13,1,2852
JT002236,D,1,29,11,0,0
JT002237,D,0,25,11,0,0
JT002238,D,0,41,16,0,0
JT002239,D,0,46,11,0,0
JT002240,D,1,34,14,0,0
JT002241,D,1,29,11,1,2386
JT002242,D,0,21,10,0,0
JT002243,D,0,37,10,0,0
JT002244,D,1,30,15,0,0
JT002245,D,1,55,9,0,0
JT002246,D,0,44,18,0,0
JT002247,D,0,49,13,1,2671
JT002248,D,0,27,14,0,0
JT002249,D,1,46,16,1,2658
JT002250,D,1,48,9,0,0
JT002251,D,1,24,17,0,0
JT002252,D,1,23,13,0,0
JT002253,D,1,24,12,1,2074
JT002254,D,1,55,18,1,3241
JT002255,D,0,45,12,0,0
JT002256,D,0,49,9,1,1763
JT002257,D,1,55,12,0,0
JT002258,D,0,26,12,1,2405
JT002259,D,0,37,14,0,0
JT002260,D,1,55,9,0,0
JT002261,D,1,47,10,1,1626
JT002262,D,0,46,17,0,0
JT002263,D,0,40,11,0,0
JT002264,D,0,25,18,1,2315
JT002265,D,0,39,14,0,0
JT002266,D,1,40,16,1,2615
JT002267,D,1,36,18,1,2436
JT002268,D,1,35,15,1,2595
JT002269,D,1,45,15,0,0
JT002270,D,0,36,17,1,2880
JT002271,D,0,53,17,1,3024
JT002272,D,0,20,18,0,0
JT002273,D,1,32,17,0,0
JT002274,D,0,35,17,0,0
JT002275,D,0,28,12,0,0
JT002276,D,0,22,18,0,0
JT002277,D,1,46,9,1,1696
JT002278,D,0,35,13,1,2126
JT002279,D,0,43,18,1,2750
JT002280,D,1,40,10,1,2203
JT002281,D,1,25,13,0,0
JT002282,D,1,29,17,0,0
JT002283,D,0,20,12,0,0
JT002284,D,1,46,12,1,2675
JT002285,D,0,26,17,1,2333
JT002286,D,1,30,16,0,0
JT002287,D,1,43,18,1,2766
JT002288,D,1,42,16,1,2869
JT002289,D,1,25,12,0,0
JT002290,D,0,41,17,0,0
JT002291,D,1,28,10,0,0
JT002292,D,1,46,9,1,2439
JT002293,D,0,22,9,1,1920
JT002294,D,1,41,10,0,0
JT002295,D,0,32,10,0,0
JT002296,D,0,50,13,0,0
JT002297,D,1,19,16,1,2356
JT002298,D,0,28,10,0,0
JT002299,D,1,26,14,1,1753
JT002300,D,0,54,10,0,0
JT002301,D,0,23,17,0,0
JT002302,D,1,35,10,1,1549
JT002303,D,0,28,9,1,1360
JT002304,D,0,32,11,1,2401
JT002305,D,1,25,11,0,0
JT002306,D,0,24,11,1,2130
JT002307,D,1,41,15,0,0
JT002308,D,1,49,14,1,2757
JT002309,D,1,47,9,0,0
JT002310,D,1,31,9,1,1887
JT002311,D,0,40,18,1,3012
JT002312,D,1,21,12,1,2299
JT002313,D,1,19,12,0,0
JT002314,D,1,36,13,0,0
JT002315,D,1,19,9,1,1742
JT002316,D,1,49,10,1,1608
JT002317,D,0,40,9,0,0
JT002318,D,0,22,17,0,0
JT002319,D,1,19,17,1,2479
JT002320,D,1,35,17,0,0
JT002321,D,0,48,10,1,2185
JT002322,D,0,33,9,0,0
JT002323,D,1,43,16,1,2448
JT002324,D,0,29,11,0,0
JT002325,D,1,33,11,0,0
JT002326,D,1,48,15,0,0
JT002327,D,1,27,16,1,2128
JT002328,D,1,37,15,1,2287
JT002329,D,1,46,12,1,2349
JT002330,D,0,45,13,1,2330
JT002331,D,1,29,18,0,0
JT002332,D,1,28,14,1,1867
JT002333,D,1,49,9,0,0
JT002334,D,1,52,13,0,0
JT002335,D,1,34,16,1,2215
JT002336,D,1,35,11,0,0
JT002337,D,0,43,12,1,2437
JT002338,D,0,53,9,1,2545
JT002339,D,1,23,11,0,0
JT002340,D,0,31,16,1,2095
JT002341,D,0,47,13,1,2277
JT002342,D,0,55,12,0,0
JT002343,D,0,39,10,1,1464
JT002344,D,0,54,18,0,0
JT002345,D,1,47,10,0,0
JT002346,D,1,53,18,1,3289
JT002347,D,1,19,10,0,0
JT002348,D,0,28,17,1,2817
JT002349,D,1,55,16,0,0
JT002350,D,0,54,14,0,0
JT002351,D,0,36,11,0,0
JT002352,D,1,39,14,0,0
JT002353,D,1,50,12,0,0
JT002354,D,0,45,11,0,0
JT002355,D,0,32,16,1,2853
JT002356,D,1,51,16,1,2902
JT002357,D,0,38,13,0,0
JT002358,D,0,26,14,0,0
JT002359,D,0,42,10,0,0
JT002360,D,1,19,13,1,1879
JT002361,D,0,45,17,0,0
JT002362,D,1,23,18,1,2453
JT002363,D,1,55,9,0,0
JT002364,D,0,41,18,0,0
JT002365,D,1,34,17,0,0
JT002366,D,0,30,17,1,2920
JT002367,D,0,37,15,1,2953
JT002368,D,0,39,9,0,0
JT002369,D,1,22,15,1,2676
JT002370,D,0,21,9,0,0
JT002371,D,0,23,14,0,0
JT002372,D,0,33,10,0,0
JT002373,D,1,46,15,1,2692
JT002374,D,1,24,14,1,2436
JT002375,D,0,20,12,0,0
JT002376,D,0,33,18,1,2588
JT002377,D,0,54,11,0,0
JT002378,D,1,29,9,1,1968
JT002379,D,0,47,18,1,3180
JT002380,D,1,21,11,0,0
JT002381,D,1,30,13,0,0
JT002382,D,0,39,15,0,0
JT002383,D,0,41,10,1,2145
JT002384,D,1,30,14,1,2245
JT002385,D,0,31,9,0,0
JT002386,D,1,49,13,0,0
JT002387,D,0,38,15,1,2483
JT002388,D,1,37,18,1,3065
JT002389,D,0,34,12,1,1864
JT002390,D,0,42,9,0,0
JT002391,D,0,34,16,0,0
JT002392,D,0,46,17,0,0
JT002393,D,0,22,13,0,0
JT002394,D,1,30,11,0,0
JT002395,D,0,33,10,1,2136
JT002396,D,0,47,9,0,0
JT002397,D,0,40,14,1,2905
JT002398,D,0,53,10,1,2486
JT002399,D,0,22,13,0,0
JT002400,D,1,34,14,0,0
JT002401,E,0,51,15,1,2696
JT002402,E,1,29,12,1,2287
JT002403,E,0,49,18,1,3293
JT002404,E,1,28,13,1,2561
JT002405,E,1,23,14,0,0
JT002406,E,0,31,11,0,0
JT002407,E,1,28,13,0,0
JT002408,E,0,32,12,1,2450
JT002409,E,0,52,10,0,0
JT002410,E,0,26,12,1,2034
JT002411,E,0,42,11,1,2167
JT002412,E,1,47,11,1,2796
JT002413,E,1,54,16,1,3335
JT002414,E,1,45,13,0,0
JT002415,E,0,44,12,0,0
JT002416,E,1,40,18,1,2605
JT002417,E,1,23,17,1,2503
JT002418,E,1,19,10,0,0
JT002419,E,1,29,14,1,2432
JT002420,E,1,28,14,1,2548
JT002421,E,0,51,14,1,3086
JT002422,E,1,34,13,1,2503
JT002423,E,0,23,18,1,2316
JT002424,E,1,23,15,1,2512
JT002425,E,0,22,14,1,2694
JT002426,E,0,34,12,1,2193
JT002427,E,0,19,11,0,0
JT002428,E,1,32,9,0,0
JT002429,E,0,38,9,0,0
JT002430,E,1,25,16,1,2235
JT002431,E,0,22,10,0,0
JT002432,E,0,37,11,0,0
JT002433,E,1,22,11,0,0
JT002434,E,0,51,12,0,0
JT002435,E,1,52,16,0,0
JT002436,E,1,50,17,1,3085
JT002437,E,0,40,16,1,3003
JT002438,E,0,25,11,1,1873
JT002439,E,1,55,10,1,2771
JT002440,E,1,36,11,1,1790
JT002441,E,0,20,10,0,0
JT002442,E,0,31,11,0,0
JT002443,E,1,50,10,0,0
JT002444,E,0,34,12,1,2572
JT002445,E,1,34,10,1,2027
JT002446,E,1,50,9,0,0
JT002447,E,1,20,11,1,1727
JT002448,E,0,46,15,1,2929
JT002449,E,1,44,11,1,1902
JT002450,E,0,43,15,1,2412
JT002451,E,0,36,12,0,0
JT002452,E,0,54,9,0,0
JT002453,E,0,26,17,1,2913
JT002454,E,0,41,9,0,0
JT002455,E,1,51,17,0,0
JT002456,E,1,33,12,0,0
JT002457,E,1,21,14,1,2485
JT002458,E,1,26,13,0,0
JT002459,E,0,19,16,0,0
JT002460,E,0,31,17,1,3050
JT002461,E,0,32,18,0,0
JT002462,E,0,40,15,0,0
JT002463,E,1,49,10,1,2663
JT002464,E,0,33,9,1,1615
JT002465,E,0,50,9,1,1717
JT002466,E,1,34,12,0,0
JT002467,E,0,50,12,1,2387
JT002468,E,0,48,12,1,2462
JT002469,E,1,21,11,0,0
JT002470,E,1,27,15,0,0
JT002471,E,0,38,15,1,2747
JT002472,E,0,44,17,0,0
JT002473,E,1,50,17,1,2848
JT002474,E,1,48,15,1,2810
JT002475,E,1,31,18,1,2790
JT002476,E,0,44,18,1,3495
JT002477,E,0,28,11,1,2449
JT002478,E,0,23,16,1,2878
JT002479,E,0,28,17,1,2749
JT002480,E,1,32,10,0,0
JT002481,E,1,30,9,0,0
JT002482,E,1,45,12,0,0
JT002483,E,0,53,13,0,0
JT002484,E,1,32,11,0,0
JT002485,E,0,32,13,1,2426
JT002486,E,1,39,16,0,0
JT002487,E,1,27,16,1,2573
JT002488,E,1,53,11,0,0
JT002489,E,0,29,16,1,2606
JT002490,E,0,40,16,0,0
JT002491,E,1,28,14,0,0
JT002492,E,0,31,10,0,0
JT002493,E,0,28,12,0,0
JT002494,E,1,39,9,0,0
JT002495,E,1,21,14,1,2561
JT002496,E,1,21,10,0,0
JT002497,E,1,28,16,1,2316
JT002498,E,1,45,15,0,0
JT002499,E,0,24,14,0,0
JT002500,E,1,29,16,1,2538
JT002501,E,1,25,11,0,0
JT002502,E,1,48,11,0,0
JT002503,E,1,53,14,1,2581
JT002504,E,1,41,18,0,0
JT002505,E,0,40,15,0,0
JT002506,E,1,33,17,1,3259
JT002507,E,0,28,10,1,2204
JT002508,E,0,39,15,1,3014
JT002509,E,1,39,18,1,2952
JT002510,E,1,55,18,1,3135
JT002511,E,0,23,12,0,0
JT002512,E,0,43,14,1,2888
JT002513,E,1,47,16,1,2796
JT002514,E,1,39,12,1,2191
JT002515,E,0,35,14,0,0
JT002516,E,0,49,9,1,2182
JT002517,E,1,49,12,0,0
JT002518,E,0,35,14,0,0
JT002519,E,1,26,9,1,1589
JT002520,E,0,41,18,1,3204
JT002521,E,1,48,13,1,2071
JT002522,E,1,31,15,1,2549
JT002523,E,0,27,14,1,2505
JT002524,E,0,44,9,0,0
JT002525,E,1,36,15,1,2229
JT002526,E,0,47,12,1,2720
JT002527,E,1,47,15,0,0
JT002528,E,1,21,11,0,0
JT002529,E,1,22,11,0,0
JT002530,E,0,37,14,1,2416
JT002531,E,1,30,15,1,2970
JT002532,E,1,38,10,1,1847
JT002533,E,0,40,11,1,1958
JT002534,E,0,35,12,0,0
JT002535,E,1,20,11,1,1522
JT002536,E,0,45,10,1,2461
JT002537,E,0,47,13,1,2202
JT002538,E,1,40,10,1,2460
JT002539,E,0,28,10,0,0
JT002540,E,1,19,9,1,1180
JT002541,E,0,40,11,1,2615
JT002542,E,1,52,9,1,1699
JT002543,E,1,35,16,1,2737
JT002544,E,0,26,15,1,2277
JT002545,E,1,23,18,1,2282
JT002546,E,1,31,16,0,0
JT002547,E,1,46,9,1,2208
JT002548,E,1,52,11,1,2432
JT002549,E,1,20,9,1,1885
JT002550,E,0,52,16,1,2502
JT002551,E,1,39,11,0,0
JT002552,E,1,53,10,1,1914
JT002553,E,0,44,11,0,0
JT002554,E,1,44,10,0,0
JT002555,E,0,52,12,1,2462
JT002556,E,0,54,18,0,0
JT002557,E,1,37,15,0,0
JT002558,E,1,50,16,0,0
JT002559,E,1,35,14,0,0
JT002560,E,0,55,9,0,0
JT002561,E,0,33,18,0,0
JT002562,E,0,45,16,1,2989
JT002563,E,1,32,9,0,0
JT002564,E,0,19,12,1,2118
JT002565,E,1,40,11,0,0
JT002566,E,1,22,17,1,2355
JT002567,E,1,44,9,0,0
JT002568,E,0,43,18,1,3474
JT002569,E,1,38,11,1,2586
JT002570,E,1,26,12,1,1698
JT002571,E,0,35,15,0,0
JT002572,E,1,41,12,1,2003
JT002573,E,1,38,10,1,2485
JT002574,E,0,33,12,1,2241
JT002575,E,0,40,11,1,2616
JT002576,E,0,48,10,0,0
JT002577,E,0,49,16,1,2970
JT002578,E,1,46,10,1,2496
JT002579,E,1,25,11,1,1669
JT002580,E,0,42,17,1,2446
JT002581,E,0,21,18,0,0
JT002582,E,1,30,14,1,2506
JT002583,E,0,39,15,1,2270
JT002584,E,1,52,15,1,2951
JT002585,E,1,23,18,1,3024
JT002586,E,0,39,11,0,0
JT002587,E,0,49,13,1,2824
JT002588,E,0,31,15,0,0
JT002589,E,1,51,17,1,2653
JT002590,E,1,45,14,0,0
JT002591,E,0,20,10,0,0
JT002592,E,0,25,11,1,1790
JT002593,E,1,34,15,1,2964
JT002594,E,1,35,11,1,2142
JT002595,E,0,25,10,0,0
JT002596,E,0,46,9,1,2203
JT002597,E,1,36,15,1,2761
JT002598,E,0,55,15,0,0
JT002599,E,0,46,16,0,0
JT002600,E,1,46,17,1,2893
JT002601,E,0,28,11,0,0
JT002602,E,1,35,15,1,2525
JT002603,E,0,49,18,1,2973
JT002604,E,0,33,9,1,1688
JT002605,E,1,19,11,1,1809
JT002606,E,0,32,12,1,2160
JT002607,E,1,49,16,1,3122
JT002608,E,0,26,17,1,2612
JT002609,E,0,48,15,1,3207
JT002610,E,0,29,17,1,2708
JT002611,E,1,19,17,1,2063
JT002612,E,0,49,11,0,0
JT002613,E,1,47,14,0,0
JT002614,E,0,29,13,0,0
JT002615,E,1,35,9,1,2037
JT002616,E,1,32,9,0,0
JT002617,E,1,24,14,1,2302
JT002618,E,1,38,9,1,1551
JT002619,E,1,31,18,1,3247
JT002620,E,1,51,18,1,3167
JT002621,E,0,20,14,1,1868
JT002622,E,1,33,9,0,0
JT002623,E,0,29,11,0,0
JT002624,E,0,19,15,0,0
JT002625,E,0,35,18,1,3235
JT002626,E,0,40,13,1,2623
JT002627,E,1,43,18,1,3149
JT002628,E,1,45,14,0,0
JT002629,E,1,35,9,1,1666
JT002630,E,0,23,12,1,1759
JT002631,E,1,31,18,1,2871
JT002632,E,0,32,16,1,2577
JT002633,E,0,34,12,0,0
JT002634,E,1,42,14,0,0
JT002635,E,0,43,12,0,0
JT002636,E,0,40,15,0,0
JT002637,E,0,53,15,0,0
JT002638,E,0,40,17,0,0
JT002639,E,0,55,15,0,0
JT002640,E,0,53,14,1,2722
JT002641,E,0,44,18,0,0
JT002642,E,1,40,15,1,2602
JT002643,E,0,51,10,1,1934
JT002644,E,1,53,10,1,2470
JT002645,E,1,19,11,0,0
JT002646,E,1,29,13,1,2647
JT002647,E,0,44,14,0,0
JT002648,E,0,19,15,1,1855
JT002649,E,1,24,18,1,3045
JT002650,E,1,54,18,1,3307
JT002651,E,0,53,13,0,0
JT002652,E,1,52,9,0,0
JT002653,E,1,29,12,1,2624
JT002654,E,1,49,10,1,1797
JT002655,E,0,39,13,1,2651
JT002656,E,0,30,13,0,0
JT002657,E,0,40,9,0,0
JT002658,E,0,51,15,1,2492
JT002659,E,0,46,12,0,0
JT002660,E,1,23,15,0,0
JT002661,E,1,50,9,0,0
JT002662,E,1,49,15,0,0
JT002663,E,1,52,13,0,0
JT002664,E,1,32,18,1,2606
JT002665,E,0,47,13,0,0
JT002666,E,0,38,9,0,0
JT002667,E,1,41,11,0,0
JT002668,E,0,27,14,1,2529
JT002669,E,0,26,14,0,0
JT002670,E,1,36,15,0,0
JT002671,E,1,54,10,1,1983
JT002672,E,0,55,15,0,0
JT002673,E,0,53,9,1,1926
JT002674,E,1,25,17,0,0
JT002675,E,0,20,11,1,2042
JT002676,E,0,38,12,0,0
JT002677,E,0,48,18,1,3109
JT002678,E,1,39,9,0,0
JT002679,E,1,54,12,0,0
JT002680,E,1,31,12,0,0
JT002681,E,1,35,10,1,1524
JT002682,E,0,52,13,1,2970
JT002683,E,0,39,11,1,2282
JT002684,E,0,19,15,1,1952
JT002685,E,0,48,16,1,2879
JT002686,E,0,50,17,1,2841
JT002687,E,0,36,16,1,2530
JT002688,E,0,20,17,1,2305
JT002689,E,1,26,13,0,0
JT002690,E,0,45,10,0,0
JT002691,E,1,40,16,1,2884
JT002692,E,0,43,11,1,2668
JT002693,E,0,26,9,0,0
JT002694,E,1,32,16,1,3058
JT002695,E,0,44,17,0,0
JT002696,E,1,41,10,1,2593
JT002697,E,0,44,17,0,0
JT002698,E,0,31,9,1,1825
JT002699,E,0,33,11,0,0
JT002700,E,0,19,17,0,0
JT002701,E,1,29,9,1,1886
JT002702,E,0,49,15,0,0
JT002703,E,0,37,12,1,2157
JT002704,E,0,25,17,1,2943
JT002705,E,0,31,13,1,2520
JT002706,E,1,30,10,0,0
JT002707,E,1,50,18,1,3211
JT002708,E,1,48,9,1,2467
JT002709,E,1,37,18,1,2935
JT002710,E,0,53,15,0,0
JT002711,E,1,36,10,0,0
JT002712,E,1,53,17,1,3492
JT002713,E,0,34,15,1,2123
JT002714,E,0,29,9,1,1402
JT002715,E,1,35,16,1,2476
JT002716,E,1,36,12,0,0
JT002717,E,0,54,15,0,0
JT002718,E,1,27,17,1,2697
JT002719,E,0,27,18,1,2726
JT002720,E,0,32,17,1,3079
JT002721,E,0,53,17,1,3554
JT002722,E,0,27,16,1,3032
JT002723,E,0,26,18,1,2767
JT002724,E,1,48,9,0,0
JT002725,E,0,49,17,1,3192
JT002726,E,0,35,15,1,2601
JT002727,E,0,50,17,1,3035
JT002728,E,1,36,17,1,3260
JT002729,E,0,24,9,0,0
JT002730,E,1,30,17,1,3066
JT002731,E,1,44,12,1,2527
JT002732,E,1,53,10,1,2690
JT002733,E,0,19,15,1,2691
JT002734,E,0,45,13,1,2895
JT002735,E,0,25,16,0,0
JT002736,E,1,51,16,0,0
JT002737,E,0,42,17,0,0
JT002738,E,1,45,9,1,1773
JT002739,E,1,35,11,1,2230
JT002740,E,1,26,13,1,2668
JT002741,E,1,33,17,0,0
JT002742,E,0,49,14,1,2242
JT002743,E,1,27,12,0,0
JT002744,E,0,29,12,1,2605
JT002745,E,1,29,14,1,2169
JT002746,E,1,51,15,1,3097
JT002747,E,1,27,11,0,0
JT002748,E,1,29,16,1,2404
JT002749,E,0,36,12,0,0
JT002750,E,0,26,14,0,0
JT002751,E,1,32,18,1,2558
JT002752,E,0,41,9,0,0
JT002753,E,0,42,18,1,2751
JT002754,E,0,46,13,0,0
JT002755,E,1,55,13,0,0
JT002756,E,1,28,11,1,1571
JT002757,E,1,41,14,0,0
JT002758,E,1,54,16,0,0
JT002759,E,0,28,15,0,0
JT002760,E,0,34,11,1,1827
JT002761,E,0,29,10,1,1925
JT002762,E,1,45,10,1,2036
JT002763,E,0,24,15,0,0
JT002764,E,1,22,12,1,1851
JT002765,E,0,46,16,0,0
JT002766,E,0,23,9,0,0
JT002767,E,1,33,13,1,2157
JT002768,E,0,51,18,1,2788
JT002769,E,1,53,9,0,0
JT002770,E,0,54,15,1,3112
JT002771,E,1,27,9,0,0
JT002772,E,0,33,18,1,3186
JT002773,E,0,48,18,1,3390
JT002774,E,0,32,15,0,0
JT002775,E,0,37,12,0,0
JT002776,E,0,49,16,0,0
JT002777,E,0,53,13,0,0
JT002778,E,1,34,14,1,2692
JT002779,E,1,22,12,0,0
JT002780,E,0,32,10,1,2261
JT002781,E,0,31,10,0,0
JT002782,E,1,31,18,0,0
JT002783,E,1,52,15,1,2799
JT002784,E,1,41,9,1,2174
JT002785,E,1,51,16,1,3195
JT002786,E,1,32,12,1,2220
JT002787,E,0,40,17,1,2888
JT002788,E,0,28,11,0,0
JT002789,E,0,32,18,0,0
JT002790,E,0,44,11,0,0
JT002791,E,0,35,12,0,0
JT002792,E,0,29,16,0,0
JT002793,E,1,39,18,1,2945
JT002794,E,0,51,9,1,1998
JT002795,E,1,50,10,1,2329
JT002796,E,1,47,14,0,0
JT002797,E,0,55,17,1,3417
JT002798,E,1,35,13,0,0
JT002799,E,1,41,13,0,0
JT002800,E,1,28,12,1,2202
JT002801,E,0,22,18,1,2805
JT002802,E,0,55,18,1,3702
JT002803,E,0,34,17,0,0
JT002804,E,1,22,9,0,0
JT002805,E,0,51,10,0,0
JT002806,E,1,37,9,0,0
JT002807,E,1,32,18,1,3132
JT002808,E,0,19,15,1,2379
JT002809,E,0,39,14,1,2421
JT002810,E,0,44,9,1,1756
JT002811,E,0,50,15,0,0
JT002812,E,0,43,18,0,0
JT002813,E,1,31,10,0,0
JT002814,E,0,26,11,1,2265
JT002815,E,0,55,17,0,0
JT002816,E,1,26,11,0,0
JT002817,E,0,20,12,0,0
JT002818,E,1,38,15,1,2994
JT002819,E,1,40,9,1,1856
JT002820,E,0,50,11,0,0
JT002821,E,0,25,11,0,0
JT002822,E,1,52,15,1,2408
JT002823,E,0,27,16,1,2427
JT002824,E,0,30,16,0,0
JT002825,E,0,28,16,0,0
JT002826,E,0,20,13,0,0
JT002827,E,1,46,17,1,3058
JT002828,E,1,41,9,0,0
JT002829,E,0,41,17,1,3398
JT002830,E,0,48,11,0,0
JT002831,E,0,38,14,0,0
JT002832,E,1,53,15,1,3150
JT002833,E,0,25,10,1,2278
JT002834,E,0,42,17,1,3123
JT002835,E,1,40,17,0,0
JT002836,E,1,24,9,1,2132
JT002837,E,0,29,17,0,0
JT002838,E,1,43,10,1,1772
JT002839,E,1,44,11,0,0
JT002840,E,1,33,15,0,0
JT002841,E,1,36,16,0,0
JT002842,E,0,52,17,1,3207
JT002843,E,0,49,12,0,0
JT002844,E,0,33,14,0,0
JT002845,E,0,41,18,0,0
JT002846,E,0,24,10,0,0
JT002847,E,1,29,13,0,0
JT002848,E,0,24,17,0,0
JT002849,E,1,51,10,1,1865
JT002850,E,1,53,11,0,0
JT002851,E,1,20,11,0,0
JT002852,E,1,49,10,0,0
JT002853,E,1,55,14,1,2705
JT002854,E,1,52,11,0,0
JT002855,E,0,53,14,0,0
JT002856,E,0,29,15,1,2392
JT002857,E,0,49,11,0,0
JT002858,E,0,39,11,1,2061
JT002859,E,0,23,10,1,1682
JT002860,E,1,19,10,0,0
JT002861,E,1,44,14,0,0
JT002862,E,1,40,16,1,2960
JT002863,E,1,22,18,1,2657
JT002864,E,0,28,13,1,2628
JT002865,E,0,32,18,1,3241
JT002866,E,0,21,18,1,2661
JT002867,E,1,27,9,0,0
JT002868,E,1,27,16,1,2877
JT002869,E,0,29,18,1,2541
JT002870,E,1,40,9,0,0
JT002871,E,0,43,9,1,1577
JT002872,E,0,39,12,1,2290
JT002873,E,0,41,10,0,0
JT002874,E,1,35,15,1,2220
JT002875,E,0,39,10,0,0
JT002876,E,1,48,13,0,0
JT002877,E,0,36,11,1,1858
JT002878,E,0,51,11,0,0
JT002879,E,1,22,15,1,2577
JT002880,E,0,41,14,1,2972
JT002881,E,1,48,9,0,0
JT002882,E,0,44,18,1,3001
JT002883,E,1,43,10,1,2060
JT002884,E,0,36,15,1,3085
JT002885,E,1,38,11,0,0
JT002886,E,1,31,18,0,0
JT002887,E,1,29,9,0,0
JT002888,E,0,32,14,1,2380
JT002889,E,1,34,9,0,0
JT002890,E,0,38,13,1,2634
JT002891,E,0,52,13,1,2940
JT002892,E,1,45,12,0,0
JT002893,E,1,25,17,0,0
JT002894,E,1,51,9,1,2326
JT002895,E,1,23,11,0,0
JT002896,E,1,24,11,1,2146
JT002897,E,0,48,11,0,0
JT002898,E,0,47,18,0,0
JT002899,E,1,51,10,1,2529
JT002900,E,1,34,16,0,0
JT002901,E,0,40,10,1,2448
JT002902,E,0,53,15,0,0
JT002903,E,0,42,14,0,0
JT002904,E,1,33,11,0,0
JT002905,E,1,43,11,0,0
JT002906,E,0,42,18,1,2663
JT002907,E,0,31,9,0,0
JT002908,E,0,32,9,1,2108
JT002909,E,1,20,13,0,0
JT002910,E,0,29,12,1,2005
JT002911,E,1,39,18,0,0
JT002912,E,1,43,18,1,2645
JT002913,E,1,44,18,1,2745
JT002914,E,1,27,18,0,0
JT002915,E,0,30,10,1,1497
JT002916,E,0,45,17,1,2497
JT002917,E,1,31,11,1,1810
JT002918,E,0,27,17,0,0
JT002919,E,1,41,9,0,0
JT002920,E,0,40,15,1,2242
JT002921,E,0,19,16,1,2735
JT002922,E,1,37,12,1,2651
JT002923,E,1,33,12,0,0
JT002924,E,0,50,16,1,3122
JT002925,E,0,37,15,0,0
JT002926,E,0,47,10,1,2086
JT002927,E,0,43,13,1,2201
JT002928,E,1,37,18,1,3090
JT002929,E,0,43,12,1,2701
JT002930,E,0,38,17,1,2368
JT002931,E,1,50,17,1,2929
JT002932,E,0,36,18,0,0
JT002933,E,1,40,16,1,2729
JT002934,E,0,55,14,0,0
JT002935,E,0,42,13,1,2342
JT002936,E,1,24,12,0,0
JT002937,E,1,27,13,0,0
JT002938,E,1,46,10,0,0
JT002939,E,1,31,16,0,0
JT002940,E,1,55,12,0,0
JT002941,E,1,34,17,0,0
JT002942,E,1,41,18,1,2834
JT002943,E,0,24,13,1,1760
JT002944,E,1,26,16,0,0
JT002945,E,1,22,15,0,0
JT002946,E,1,25,11,0,0
JT002947,E,1,39,18,1,2816
JT002948,E,1,41,11,0,0
JT002949,E,1,42,17,0,0
JT002950,E,1,35,15,0,0
JT002951,E,1,48,13,0,0
JT002952,E,0,28,18,1,2817
JT002953,E,1,20,18,1,2413
JT002954,E,1,50,14,0,0
JT002955,E,1,50,11,1,2362
JT002956,E,0,27,13,0,0
JT002957,E,0,53,12,1,2088
JT002958,E,0,31,12,0,0
JT002959,E,1,38,10,0,0
JT002960,E,1,24,11,1,2435
JT002961,E,1,38,17,0,0
JT002962,E,0,43,14,0,0
JT002963,E,1,31,12,1,2326
JT002964,E,0,32,14,1,2330
JT002965,E,1,29,14,0,0
JT002966,E,0,42,17,0,0
JT002967,E,0,28,12,1,1623
JT002968,E,1,42,13,0,0
JT002969,E,1,35,17,1,3283
JT002970,E,1,44,17,1,2547
JT002971,E,1,35,13,1,2306
JT002972,E,0,28,9,1,1958
JT002973,E,0,31,18,0,0
JT002974,E,0,49,18,0,0
JT002975,E,1,50,9,0,0
JT002976,E,1,53,13,1,2622
JT002977,E,0,20,16,1,2267
JT002978,E,1,21,13,1,2491
JT002979,E,1,38,9,0,0
JT002980,E,1,42,14,1,2773
JT002981,E,1,41,13,0,0
JT002982,E,1,50,10,0,0
JT002983,E,1,50,15,0,0
JT002984,E,1,21,11,1,2370
JT002985,E,0,33,11,0,0
JT002986,E,0,42,13,0,0
JT002987,E,0,49,15,1,2775
JT002988,E,0,47,18,1,2706
JT002989,E,1,55,12,0,0
JT002990,E,0,27,17,1,2607
JT002991,E,1,50,15,1,2466
JT002992,E,1,32,18,0,0
JT002993,E,0,33,9,0,0
JT002994,E,1,46,17,1,2695
JT002995,E,0,36,9,0,0
JT002996,E,1,25,15,0,0
JT002997,E,0,50,13,1,2772
JT002998,E,1,26,17,1,2651
JT002999,E,0,41,9,0,0
JT003000,E,0,45,14,1,2540
