state,year,treated,adopt_year,event_time,teen_employment_rate,true_effect,post_adoption,state_fe,state_slope,common_trend,y0,teen_employment_rate_s1
1,2000,1,2006,-6,55.74947,0,0,-.28978452,-.021034351,0,55.74947,55.74947
1,2001,1,2006,-5,55.318081,0,0,-.28978452,-.021034351,.079999998,55.318081,55.428082
1,2002,1,2006,-4,55.485332,0,0,-.28978452,-.021034351,.16,55.485332,55.705334
1,2003,1,2006,-3,54.877937,0,0,-.28978452,-.021034351,.23999999,54.877937,55.207939
1,2004,1,2006,-2,54.036125,0,0,-.28978452,-.021034351,.31999999,54.036125,54.476124
1,2005,1,2006,-1,55.07576,0,0,-.28978452,-.021034351,.40000001,55.07576,55.625759
1,2006,1,2006,0,54.151554,-.25,1,-.28978452,-.021034351,.47999999,54.401554,54.811554
1,2007,1,2006,1,54.632133,-.5,1,-.28978452,-.021034351,.56,55.132133,55.402134
1,2008,1,2006,2,54.216042,-.75,1,-.28978452,-.021034351,.63999999,54.966042,55.096043
1,2009,1,2006,3,54.676785,-1,1,-.28978452,-.021034351,.72000003,55.676785,55.666786
1,2010,1,2006,4,54.282482,-1,1,-.28978452,-.021034351,.80000001,55.282482,55.382481
1,2011,1,2006,5,53.462128,-1,1,-.28978452,-.021034351,.88,54.462128,54.672127
1,2012,1,2006,6,54.395855,-1,1,-.28978452,-.021034351,.95999998,55.395855,55.715855
1,2013,1,2006,7,53.912338,-1,1,-.28978452,-.021034351,1.04,54.912338,55.342339
1,2014,1,2006,8,53.768539,-1,1,-.28978452,-.021034351,1.12,54.768539,55.30854
1,2015,1,2006,9,54.151363,-1,1,-.28978452,-.021034351,1.2,55.151363,55.801365
1,2016,1,2006,10,55.753429,-1,1,-.28978452,-.021034351,1.28,56.753429,57.513428
1,2017,1,2006,11,55.052193,-1,1,-.28978452,-.021034351,1.36,56.052193,56.922192
1,2018,1,2006,12,55.186268,-1,1,-.28978452,-.021034351,1.4400001,56.186268,57.166267
1,2019,1,2006,13,53.984745,-1,1,-.28978452,-.021034351,1.52,54.984745,56.074745
2,2000,1,2006,-6,54.592609,0,0,-.60264808,.022897733,0,54.592609,54.592609
2,2001,1,2006,-5,54.086643,0,0,-.60264808,.022897733,.079999998,54.086643,54.196644
2,2002,1,2006,-4,53.842888,0,0,-.60264808,.022897733,.16,53.842888,54.062889
2,2003,1,2006,-3,54.464832,0,0,-.60264808,.022897733,.23999999,54.464832,54.794834
2,2004,1,2006,-2,54.791946,0,0,-.60264808,.022897733,.31999999,54.791946,55.231945
2,2005,1,2006,-1,55.621052,0,0,-.60264808,.022897733,.40000001,55.621052,56.171051
2,2006,1,2006,0,55.972336,-.25,1,-.60264808,.022897733,.47999999,56.222336,56.632336
2,2007,1,2006,1,53.91679,-.5,1,-.60264808,.022897733,.56,54.41679,54.68679
2,2008,1,2006,2,54.046154,-.75,1,-.60264808,.022897733,.63999999,54.796154,54.926155
2,2009,1,2006,3,54.661736,-1,1,-.60264808,.022897733,.72000003,55.661736,55.651737
2,2010,1,2006,4,54.877747,-1,1,-.60264808,.022897733,.80000001,55.877747,55.977745
2,2011,1,2006,5,55.162735,-1,1,-.60264808,.022897733,.88,56.162735,56.372734
2,2012,1,2006,6,55.558525,-1,1,-.60264808,.022897733,.95999998,56.558525,56.878525
2,2013,1,2006,7,54.524181,-1,1,-.60264808,.022897733,1.04,55.524181,55.954182
2,2014,1,2006,8,54.813534,-1,1,-.60264808,.022897733,1.12,55.813534,56.353535
2,2015,1,2006,9,54.739861,-1,1,-.60264808,.022897733,1.2,55.739861,56.389862
2,2016,1,2006,10,56.040253,-1,1,-.60264808,.022897733,1.28,57.040253,57.800251
2,2017,1,2006,11,55.146252,-1,1,-.60264808,.022897733,1.36,56.146252,57.016251
2,2018,1,2006,12,55.457043,-1,1,-.60264808,.022897733,1.4400001,56.457043,57.437042
2,2019,1,2006,13,55.507854,-1,1,-.60264808,.022897733,1.52,56.507854,57.597855
3,2000,1,2006,-6,59.484261,0,0,4.9597435,-.010228258,0,59.484261,59.484261
3,2001,1,2006,-5,60.854519,0,0,4.9597435,-.010228258,.079999998,60.854519,60.96452
3,2002,1,2006,-4,59.806126,0,0,4.9597435,-.010228258,.16,59.806126,60.026127
3,2003,1,2006,-3,59.830444,0,0,4.9597435,-.010228258,.23999999,59.830444,60.160446
3,2004,1,2006,-2,60.071743,0,0,4.9597435,-.010228258,.31999999,60.071743,60.511742
3,2005,1,2006,-1,60.664955,0,0,4.9597435,-.010228258,.40000001,60.664955,61.214954
3,2006,1,2006,0,60.281864,-.25,1,4.9597435,-.010228258,.47999999,60.531864,60.941864
3,2007,1,2006,1,59.655643,-.5,1,4.9597435,-.010228258,.56,60.155643,60.425644
3,2008,1,2006,2,59.256966,-.75,1,4.9597435,-.010228258,.63999999,60.006966,60.136967
3,2009,1,2006,3,60.363739,-1,1,4.9597435,-.010228258,.72000003,61.363739,61.353741
3,2010,1,2006,4,60.038185,-1,1,4.9597435,-.010228258,.80000001,61.038185,61.138184
3,2011,1,2006,5,60.365196,-1,1,4.9597435,-.010228258,.88,61.365196,61.575195
3,2012,1,2006,6,59.665657,-1,1,4.9597435,-.010228258,.95999998,60.665657,60.985657
3,2013,1,2006,7,60.170795,-1,1,4.9597435,-.010228258,1.04,61.170795,61.600796
3,2014,1,2006,8,59.833496,-1,1,4.9597435,-.010228258,1.12,60.833496,61.373497
3,2015,1,2006,9,59.775085,-1,1,4.9597435,-.010228258,1.2,60.775085,61.425087
3,2016,1,2006,10,60.04459,-1,1,4.9597435,-.010228258,1.28,61.04459,61.804588
3,2017,1,2006,11,60.599686,-1,1,4.9597435,-.010228258,1.36,61.599686,62.469685
3,2018,1,2006,12,60.821728,-1,1,4.9597435,-.010228258,1.4400001,61.821728,62.801727
3,2019,1,2006,13,60.119545,-1,1,4.9597435,-.010228258,1.52,61.119545,62.209545
4,2000,1,2006,-6,54.451035,0,0,-.73566782,-.044220753,0,54.451035,54.451035
4,2001,1,2006,-5,54.244587,0,0,-.73566782,-.044220753,.079999998,54.244587,54.354588
4,2002,1,2006,-4,53.971016,0,0,-.73566782,-.044220753,.16,53.971016,54.191017
4,2003,1,2006,-3,55.222736,0,0,-.73566782,-.044220753,.23999999,55.222736,55.552738
4,2004,1,2006,-2,54.372936,0,0,-.73566782,-.044220753,.31999999,54.372936,54.812935
4,2005,1,2006,-1,55.231426,0,0,-.73566782,-.044220753,.40000001,55.231426,55.781425
4,2006,1,2006,0,54.599716,-.25,1,-.73566782,-.044220753,.47999999,54.849716,55.259716
4,2007,1,2006,1,54.21051,-.5,1,-.73566782,-.044220753,.56,54.71051,54.980511
4,2008,1,2006,2,53.033962,-.75,1,-.73566782,-.044220753,.63999999,53.783962,53.913963
4,2009,1,2006,3,54.680183,-1,1,-.73566782,-.044220753,.72000003,55.680183,55.670185
4,2010,1,2006,4,52.360641,-1,1,-.73566782,-.044220753,.80000001,53.360641,53.46064
4,2011,1,2006,5,53.807915,-1,1,-.73566782,-.044220753,.88,54.807915,55.017914
4,2012,1,2006,6,54.276978,-1,1,-.73566782,-.044220753,.95999998,55.276978,55.596977
4,2013,1,2006,7,53.912868,-1,1,-.73566782,-.044220753,1.04,54.912868,55.342869
4,2014,1,2006,8,53.166943,-1,1,-.73566782,-.044220753,1.12,54.166943,54.706944
4,2015,1,2006,9,53.70639,-1,1,-.73566782,-.044220753,1.2,54.70639,55.356392
4,2016,1,2006,10,53.767761,-1,1,-.73566782,-.044220753,1.28,54.767761,55.52776
4,2017,1,2006,11,54.308243,-1,1,-.73566782,-.044220753,1.36,55.308243,56.178242
4,2018,1,2006,12,54.259434,-1,1,-.73566782,-.044220753,1.4400001,55.259434,56.239433
4,2019,1,2006,13,53.33783,-1,1,-.73566782,-.044220753,1.52,54.33783,55.42783
5,2000,1,2007,-7,57.608212,0,0,3.1038251,-.012443913,0,57.608212,57.608212
5,2001,1,2007,-6,57.882607,0,0,3.1038251,-.012443913,.079999998,57.882607,57.992607
5,2002,1,2007,-5,56.973701,0,0,3.1038251,-.012443913,.16,56.973701,57.193703
5,2003,1,2007,-4,59.527653,0,0,3.1038251,-.012443913,.23999999,59.527653,59.857655
5,2004,1,2007,-3,59.261974,0,0,3.1038251,-.012443913,.31999999,59.261974,59.701973
5,2005,1,2007,-2,58.431705,0,0,3.1038251,-.012443913,.40000001,58.431705,58.981705
5,2006,1,2007,-1,59.17189,0,0,3.1038251,-.012443913,.47999999,59.17189,59.83189
5,2007,1,2007,0,57.936756,-.25,1,3.1038251,-.012443913,.56,58.186756,58.706757
5,2008,1,2007,1,58.783787,-.5,1,3.1038251,-.012443913,.63999999,59.283787,59.663788
5,2009,1,2007,2,58.161098,-.75,1,3.1038251,-.012443913,.72000003,58.911098,59.1511
5,2010,1,2007,3,58.165218,-1,1,3.1038251,-.012443913,.80000001,59.165218,59.265217
5,2011,1,2007,4,57.842754,-1,1,3.1038251,-.012443913,.88,58.842754,59.052753
5,2012,1,2007,5,58.091591,-1,1,3.1038251,-.012443913,.95999998,59.091591,59.411591
5,2013,1,2007,6,57.972233,-1,1,3.1038251,-.012443913,1.04,58.972233,59.402233
5,2014,1,2007,7,58.625824,-1,1,3.1038251,-.012443913,1.12,59.625824,60.165825
5,2015,1,2007,8,58.974503,-1,1,3.1038251,-.012443913,1.2,59.974503,60.624504
5,2016,1,2007,9,59.733074,-1,1,3.1038251,-.012443913,1.28,60.733074,61.493073
5,2017,1,2007,10,58.029469,-1,1,3.1038251,-.012443913,1.36,59.029469,59.899467
5,2018,1,2007,11,57.896004,-1,1,3.1038251,-.012443913,1.4400001,58.896004,59.876003
5,2019,1,2007,12,58.58934,-1,1,3.1038251,-.012443913,1.52,59.58934,60.67934
6,2000,1,2007,-7,54.82843,0,0,.11843202,-.011270765,0,54.82843,54.82843
6,2001,1,2007,-6,55.505852,0,0,.11843202,-.011270765,.079999998,55.505852,55.615852
6,2002,1,2007,-5,56.046303,0,0,.11843202,-.011270765,.16,56.046303,56.266304
6,2003,1,2007,-4,55.45359,0,0,.11843202,-.011270765,.23999999,55.45359,55.783592
6,2004,1,2007,-3,55.538731,0,0,.11843202,-.011270765,.31999999,55.538731,55.978729
6,2005,1,2007,-2,55.945782,0,0,.11843202,-.011270765,.40000001,55.945782,56.495781
6,2006,1,2007,-1,56.176277,0,0,.11843202,-.011270765,.47999999,56.176277,56.836277
6,2007,1,2007,0,56.07486,-.25,1,.11843202,-.011270765,.56,56.32486,56.84486
6,2008,1,2007,1,55.971134,-.5,1,.11843202,-.011270765,.63999999,56.471134,56.851135
6,2009,1,2007,2,54.925026,-.75,1,.11843202,-.011270765,.72000003,55.675026,55.915028
6,2010,1,2007,3,55.055458,-1,1,.11843202,-.011270765,.80000001,56.055458,56.155457
6,2011,1,2007,4,55.234138,-1,1,.11843202,-.011270765,.88,56.234138,56.444138
6,2012,1,2007,5,54.439548,-1,1,.11843202,-.011270765,.95999998,55.439548,55.759548
6,2013,1,2007,6,55.126728,-1,1,.11843202,-.011270765,1.04,56.126728,56.556728
6,2014,1,2007,7,55.405159,-1,1,.11843202,-.011270765,1.12,56.405159,56.94516
6,2015,1,2007,8,55.159668,-1,1,.11843202,-.011270765,1.2,56.159668,56.809669
6,2016,1,2007,9,55.765343,-1,1,.11843202,-.011270765,1.28,56.765343,57.525341
6,2017,1,2007,10,55.352856,-1,1,.11843202,-.011270765,1.36,56.352856,57.222855
6,2018,1,2007,11,55.189266,-1,1,.11843202,-.011270765,1.4400001,56.189266,57.169266
6,2019,1,2007,12,55.232872,-1,1,.11843202,-.011270765,1.52,56.232872,57.322872
7,2000,1,2007,-7,55.44175,0,0,.20730652,.011886403,0,55.44175,55.44175
7,2001,1,2007,-6,55.841545,0,0,.20730652,.011886403,.079999998,55.841545,55.951546
7,2002,1,2007,-5,56.192722,0,0,.20730652,.011886403,.16,56.192722,56.412724
7,2003,1,2007,-4,55.680344,0,0,.20730652,.011886403,.23999999,55.680344,56.010345
7,2004,1,2007,-3,55.019192,0,0,.20730652,.011886403,.31999999,55.019192,55.45919
7,2005,1,2007,-2,54.851612,0,0,.20730652,.011886403,.40000001,54.851612,55.401611
7,2006,1,2007,-1,55.790199,0,0,.20730652,.011886403,.47999999,55.790199,56.450199
7,2007,1,2007,0,55.538647,-.25,1,.20730652,.011886403,.56,55.788647,56.308647
7,2008,1,2007,1,55.06995,-.5,1,.20730652,.011886403,.63999999,55.56995,55.949951
7,2009,1,2007,2,54.818192,-.75,1,.20730652,.011886403,.72000003,55.568192,55.808193
7,2010,1,2007,3,54.416115,-1,1,.20730652,.011886403,.80000001,55.416115,55.516113
7,2011,1,2007,4,55.245953,-1,1,.20730652,.011886403,.88,56.245953,56.455952
7,2012,1,2007,5,54.314888,-1,1,.20730652,.011886403,.95999998,55.314888,55.634888
7,2013,1,2007,6,55.397449,-1,1,.20730652,.011886403,1.04,56.397449,56.82745
7,2014,1,2007,7,54.579739,-1,1,.20730652,.011886403,1.12,55.579739,56.11974
7,2015,1,2007,8,55.922985,-1,1,.20730652,.011886403,1.2,56.922985,57.572987
7,2016,1,2007,9,56.487072,-1,1,.20730652,.011886403,1.28,57.487072,58.24707
7,2017,1,2007,10,55.673775,-1,1,.20730652,.011886403,1.36,56.673775,57.543774
7,2018,1,2007,11,55.994034,-1,1,.20730652,.011886403,1.4400001,56.994034,57.974033
7,2019,1,2007,12,55.245209,-1,1,.20730652,.011886403,1.52,56.245209,57.335209
8,2000,1,2007,-7,53.5532,0,0,-1.6452661,-.015362507,0,53.5532,53.5532
8,2001,1,2007,-6,52.375298,0,0,-1.6452661,-.015362507,.079999998,52.375298,52.485298
8,2002,1,2007,-5,53.336197,0,0,-1.6452661,-.015362507,.16,53.336197,53.556198
8,2003,1,2007,-4,53.034801,0,0,-1.6452661,-.015362507,.23999999,53.034801,53.364803
8,2004,1,2007,-3,54.001331,0,0,-1.6452661,-.015362507,.31999999,54.001331,54.44133
8,2005,1,2007,-2,53.445808,0,0,-1.6452661,-.015362507,.40000001,53.445808,53.995808
8,2006,1,2007,-1,54.256672,0,0,-1.6452661,-.015362507,.47999999,54.256672,54.916672
8,2007,1,2007,0,52.58514,-.25,1,-1.6452661,-.015362507,.56,52.83514,53.355141
8,2008,1,2007,1,53.420681,-.5,1,-1.6452661,-.015362507,.63999999,53.920681,54.300682
8,2009,1,2007,2,53.159615,-.75,1,-1.6452661,-.015362507,.72000003,53.909615,54.149616
8,2010,1,2007,3,52.826515,-1,1,-1.6452661,-.015362507,.80000001,53.826515,53.926514
8,2011,1,2007,4,52.60424,-1,1,-1.6452661,-.015362507,.88,53.60424,53.81424
8,2012,1,2007,5,53.967339,-1,1,-1.6452661,-.015362507,.95999998,54.967339,55.287338
8,2013,1,2007,6,53.459972,-1,1,-1.6452661,-.015362507,1.04,54.459972,54.889973
8,2014,1,2007,7,53.190201,-1,1,-1.6452661,-.015362507,1.12,54.190201,54.730202
8,2015,1,2007,8,53.429119,-1,1,-1.6452661,-.015362507,1.2,54.429119,55.079121
8,2016,1,2007,9,53.41259,-1,1,-1.6452661,-.015362507,1.28,54.41259,55.172588
8,2017,1,2007,10,52.953678,-1,1,-1.6452661,-.015362507,1.36,53.953678,54.823677
8,2018,1,2007,11,53.752506,-1,1,-1.6452661,-.015362507,1.4400001,54.752506,55.732506
8,2019,1,2007,12,53.91922,-1,1,-1.6452661,-.015362507,1.52,54.91922,56.00922
9,2000,1,2008,-8,52.424549,0,0,-2.1741831,-.014834072,0,52.424549,52.424549
9,2001,1,2008,-7,53.674049,0,0,-2.1741831,-.014834072,.079999998,53.674049,53.78405
9,2002,1,2008,-6,52.881161,0,0,-2.1741831,-.014834072,.16,52.881161,53.101162
9,2003,1,2008,-5,53.714382,0,0,-2.1741831,-.014834072,.23999999,53.714382,54.044384
9,2004,1,2008,-4,53.667259,0,0,-2.1741831,-.014834072,.31999999,53.667259,54.107258
9,2005,1,2008,-3,52.936958,0,0,-2.1741831,-.014834072,.40000001,52.936958,53.486958
9,2006,1,2008,-2,53.677338,0,0,-2.1741831,-.014834072,.47999999,53.677338,54.337337
9,2007,1,2008,-1,53.754135,0,0,-2.1741831,-.014834072,.56,53.754135,54.524136
9,2008,1,2008,0,53.016651,-.25,1,-2.1741831,-.014834072,.63999999,53.266651,53.896652
9,2009,1,2008,1,53.588306,-.5,1,-2.1741831,-.014834072,.72000003,54.088306,54.578308
9,2010,1,2008,2,52.292145,-.75,1,-2.1741831,-.014834072,.80000001,53.042145,53.392143
9,2011,1,2008,3,52.984993,-1,1,-2.1741831,-.014834072,.88,53.984993,54.194992
9,2012,1,2008,4,51.36657,-1,1,-2.1741831,-.014834072,.95999998,52.36657,52.686569
9,2013,1,2008,5,52.905201,-1,1,-2.1741831,-.014834072,1.04,53.905201,54.335201
9,2014,1,2008,6,53.757626,-1,1,-2.1741831,-.014834072,1.12,54.757626,55.297626
9,2015,1,2008,7,53.08828,-1,1,-2.1741831,-.014834072,1.2,54.08828,54.738281
9,2016,1,2008,8,52.938534,-1,1,-2.1741831,-.014834072,1.28,53.938534,54.698532
9,2017,1,2008,9,53.37167,-1,1,-2.1741831,-.014834072,1.36,54.37167,55.241669
9,2018,1,2008,10,52.625069,-1,1,-2.1741831,-.014834072,1.4400001,53.625069,54.605068
9,2019,1,2008,11,53.215141,-1,1,-2.1741831,-.014834072,1.52,54.215141,55.305141
10,2000,1,2008,-8,55.626553,0,0,1.9736128,-.0028567605,0,55.626553,55.626553
10,2001,1,2008,-7,56.054794,0,0,1.9736128,-.0028567605,.079999998,56.054794,56.164795
10,2002,1,2008,-6,57.143925,0,0,1.9736128,-.0028567605,.16,57.143925,57.363926
10,2003,1,2008,-5,57.904053,0,0,1.9736128,-.0028567605,.23999999,57.904053,58.234055
10,2004,1,2008,-4,58.169506,0,0,1.9736128,-.0028567605,.31999999,58.169506,58.609505
10,2005,1,2008,-3,57.385929,0,0,1.9736128,-.0028567605,.40000001,57.385929,57.935928
10,2006,1,2008,-2,57.371239,0,0,1.9736128,-.0028567605,.47999999,57.371239,58.031239
10,2007,1,2008,-1,56.960205,0,0,1.9736128,-.0028567605,.56,56.960205,57.730206
10,2008,1,2008,0,56.886242,-.25,1,1.9736128,-.0028567605,.63999999,57.136242,57.766243
10,2009,1,2008,1,57.190636,-.5,1,1.9736128,-.0028567605,.72000003,57.690636,58.180637
10,2010,1,2008,2,56.382923,-.75,1,1.9736128,-.0028567605,.80000001,57.132923,57.482922
10,2011,1,2008,3,56.074944,-1,1,1.9736128,-.0028567605,.88,57.074944,57.284943
10,2012,1,2008,4,55.863777,-1,1,1.9736128,-.0028567605,.95999998,56.863777,57.183777
10,2013,1,2008,5,56.965107,-1,1,1.9736128,-.0028567605,1.04,57.965107,58.395107
10,2014,1,2008,6,56.688938,-1,1,1.9736128,-.0028567605,1.12,57.688938,58.228939
10,2015,1,2008,7,56.638363,-1,1,1.9736128,-.0028567605,1.2,57.638363,58.288364
10,2016,1,2008,8,56.946308,-1,1,1.9736128,-.0028567605,1.28,57.946308,58.706306
10,2017,1,2008,9,57.029221,-1,1,1.9736128,-.0028567605,1.36,58.029221,58.89922
10,2018,1,2008,10,57.741608,-1,1,1.9736128,-.0028567605,1.4400001,58.741608,59.721607
10,2019,1,2008,11,57.526478,-1,1,1.9736128,-.0028567605,1.52,58.526478,59.616478
11,2000,1,2008,-8,54.964527,0,0,.67251271,.018846156,0,54.964527,54.964527
11,2001,1,2008,-7,55.936676,0,0,.67251271,.018846156,.079999998,55.936676,56.046677
11,2002,1,2008,-6,55.799076,0,0,.67251271,.018846156,.16,55.799076,56.019077
11,2003,1,2008,-5,56.2575,0,0,.67251271,.018846156,.23999999,56.2575,56.587502
11,2004,1,2008,-4,55.803692,0,0,.67251271,.018846156,.31999999,55.803692,56.24369
11,2005,1,2008,-3,55.896523,0,0,.67251271,.018846156,.40000001,55.896523,56.446522
11,2006,1,2008,-2,55.224876,0,0,.67251271,.018846156,.47999999,55.224876,55.884876
11,2007,1,2008,-1,56.333931,0,0,.67251271,.018846156,.56,56.333931,57.103931
11,2008,1,2008,0,55.75639,-.25,1,.67251271,.018846156,.63999999,56.00639,56.636391
11,2009,1,2008,1,56.530605,-.5,1,.67251271,.018846156,.72000003,57.030605,57.520607
11,2010,1,2008,2,55.942005,-.75,1,.67251271,.018846156,.80000001,56.692005,57.042004
11,2011,1,2008,3,56.952381,-1,1,.67251271,.018846156,.88,57.952381,58.16238
11,2012,1,2008,4,56.186035,-1,1,.67251271,.018846156,.95999998,57.186035,57.506035
11,2013,1,2008,5,55.432171,-1,1,.67251271,.018846156,1.04,56.432171,56.862171
11,2014,1,2008,6,55.491348,-1,1,.67251271,.018846156,1.12,56.491348,57.031349
11,2015,1,2008,7,56.869282,-1,1,.67251271,.018846156,1.2,57.869282,58.519283
11,2016,1,2008,8,56.328754,-1,1,.67251271,.018846156,1.28,57.328754,58.088753
11,2017,1,2008,9,56.469528,-1,1,.67251271,.018846156,1.36,57.469528,58.339527
11,2018,1,2008,10,57.321999,-1,1,.67251271,.018846156,1.4400001,58.321999,59.301998
11,2019,1,2008,11,56.289265,-1,1,.67251271,.018846156,1.52,57.289265,58.379265
12,2000,1,2008,-8,55.547619,0,0,.54135299,-.01223193,0,55.547619,55.547619
12,2001,1,2008,-7,55.667725,0,0,.54135299,-.01223193,.079999998,55.667725,55.777725
12,2002,1,2008,-6,55.74754,0,0,.54135299,-.01223193,.16,55.74754,55.967541
12,2003,1,2008,-5,56.171307,0,0,.54135299,-.01223193,.23999999,56.171307,56.501308
12,2004,1,2008,-4,56.445911,0,0,.54135299,-.01223193,.31999999,56.445911,56.88591
12,2005,1,2008,-3,55.269264,0,0,.54135299,-.01223193,.40000001,55.269264,55.819263
12,2006,1,2008,-2,56.662571,0,0,.54135299,-.01223193,.47999999,56.662571,57.322571
12,2007,1,2008,-1,56.233559,0,0,.54135299,-.01223193,.56,56.233559,57.003559
12,2008,1,2008,0,55.941063,-.25,1,.54135299,-.01223193,.63999999,56.191063,56.821064
12,2009,1,2008,1,55.090446,-.5,1,.54135299,-.01223193,.72000003,55.590446,56.080448
12,2010,1,2008,2,55.7117,-.75,1,.54135299,-.01223193,.80000001,56.4617,56.811699
12,2011,1,2008,3,55.814808,-1,1,.54135299,-.01223193,.88,56.814808,57.024807
12,2012,1,2008,4,56.062553,-1,1,.54135299,-.01223193,.95999998,57.062553,57.382553
12,2013,1,2008,5,55.497749,-1,1,.54135299,-.01223193,1.04,56.497749,56.92775
12,2014,1,2008,6,55.596199,-1,1,.54135299,-.01223193,1.12,56.596199,57.1362
12,2015,1,2008,7,56.032944,-1,1,.54135299,-.01223193,1.2,57.032944,57.682945
12,2016,1,2008,8,56.562519,-1,1,.54135299,-.01223193,1.28,57.562519,58.322517
12,2017,1,2008,9,56.614418,-1,1,.54135299,-.01223193,1.36,57.614418,58.484417
12,2018,1,2008,10,56.018646,-1,1,.54135299,-.01223193,1.4400001,57.018646,57.998646
12,2019,1,2008,11,56.411976,-1,1,.54135299,-.01223193,1.52,57.411976,58.501976
13,2000,1,2009,-9,54.371178,0,0,-.27829552,.020678133,0,54.371178,54.371178
13,2001,1,2009,-8,54.822369,0,0,-.27829552,.020678133,.079999998,54.822369,54.932369
13,2002,1,2009,-7,54.31826,0,0,-.27829552,.020678133,.16,54.31826,54.538261
13,2003,1,2009,-6,54.896152,0,0,-.27829552,.020678133,.23999999,54.896152,55.226154
13,2004,1,2009,-5,55.682243,0,0,-.27829552,.020678133,.31999999,55.682243,56.122242
13,2005,1,2009,-4,55.086586,0,0,-.27829552,.020678133,.40000001,55.086586,55.636585
13,2006,1,2009,-3,55.011448,0,0,-.27829552,.020678133,.47999999,55.011448,55.671448
13,2007,1,2009,-2,55.017853,0,0,-.27829552,.020678133,.56,55.017853,55.787853
13,2008,1,2009,-1,55.511349,0,0,-.27829552,.020678133,.63999999,55.511349,56.39135
13,2009,1,2009,0,55.007256,-.25,1,-.27829552,.020678133,.72000003,55.257256,55.997257
13,2010,1,2009,1,55.439095,-.5,1,-.27829552,.020678133,.80000001,55.939095,56.539093
13,2011,1,2009,2,55.178043,-.75,1,-.27829552,.020678133,.88,55.928043,56.388042
13,2012,1,2009,3,55.295853,-1,1,-.27829552,.020678133,.95999998,56.295853,56.615852
13,2013,1,2009,4,55.252335,-1,1,-.27829552,.020678133,1.04,56.252335,56.682335
13,2014,1,2009,5,55.712421,-1,1,-.27829552,.020678133,1.12,56.712421,57.252422
13,2015,1,2009,6,55.632504,-1,1,-.27829552,.020678133,1.2,56.632504,57.282505
13,2016,1,2009,7,55.178089,-1,1,-.27829552,.020678133,1.28,56.178089,56.938087
13,2017,1,2009,8,55.469532,-1,1,-.27829552,.020678133,1.36,56.469532,57.339531
13,2018,1,2009,9,55.009037,-1,1,-.27829552,.020678133,1.4400001,56.009037,56.989037
13,2019,1,2009,10,56.035324,-1,1,-.27829552,.020678133,1.52,57.035324,58.125324
14,2000,1,2009,-9,56.304642,0,0,1.0601963,-.033512406,0,56.304642,56.304642
14,2001,1,2009,-8,55.939281,0,0,1.0601963,-.033512406,.079999998,55.939281,56.049282
14,2002,1,2009,-7,56.099422,0,0,1.0601963,-.033512406,.16,56.099422,56.319424
14,2003,1,2009,-6,56.103455,0,0,1.0601963,-.033512406,.23999999,56.103455,56.433456
14,2004,1,2009,-5,56.237251,0,0,1.0601963,-.033512406,.31999999,56.237251,56.67725
14,2005,1,2009,-4,55.423454,0,0,1.0601963,-.033512406,.40000001,55.423454,55.973454
14,2006,1,2009,-3,56.1082,0,0,1.0601963,-.033512406,.47999999,56.1082,56.7682
14,2007,1,2009,-2,56.400631,0,0,1.0601963,-.033512406,.56,56.400631,57.170631
14,2008,1,2009,-1,57.73283,0,0,1.0601963,-.033512406,.63999999,57.73283,58.612831
14,2009,1,2009,0,56.166203,-.25,1,1.0601963,-.033512406,.72000003,56.416203,57.156204
14,2010,1,2009,1,55.522987,-.5,1,1.0601963,-.033512406,.80000001,56.022987,56.622986
14,2011,1,2009,2,55.250145,-.75,1,1.0601963,-.033512406,.88,56.000145,56.460144
14,2012,1,2009,3,55.654312,-1,1,1.0601963,-.033512406,.95999998,56.654312,56.974312
14,2013,1,2009,4,55.356224,-1,1,1.0601963,-.033512406,1.04,56.356224,56.786224
14,2014,1,2009,5,55.498482,-1,1,1.0601963,-.033512406,1.12,56.498482,57.038483
14,2015,1,2009,6,55.818611,-1,1,1.0601963,-.033512406,1.2,56.818611,57.468613
14,2016,1,2009,7,56.442993,-1,1,1.0601963,-.033512406,1.28,57.442993,58.202991
14,2017,1,2009,8,55.681763,-1,1,1.0601963,-.033512406,1.36,56.681763,57.551762
14,2018,1,2009,9,55.783009,-1,1,1.0601963,-.033512406,1.4400001,56.783009,57.763008
14,2019,1,2009,10,56.77689,-1,1,1.0601963,-.033512406,1.52,57.77689,58.86689
15,2000,1,2009,-9,56.684429,0,0,1.1893643,-.0036615296,0,56.684429,56.684429
15,2001,1,2009,-8,56.468987,0,0,1.1893643,-.0036615296,.079999998,56.468987,56.578987
15,2002,1,2009,-7,55.455097,0,0,1.1893643,-.0036615296,.16,55.455097,55.675098
15,2003,1,2009,-6,56.954285,0,0,1.1893643,-.0036615296,.23999999,56.954285,57.284286
15,2004,1,2009,-5,56.822807,0,0,1.1893643,-.0036615296,.31999999,56.822807,57.262806
15,2005,1,2009,-4,55.891064,0,0,1.1893643,-.0036615296,.40000001,55.891064,56.441063
15,2006,1,2009,-3,56.57288,0,0,1.1893643,-.0036615296,.47999999,56.57288,57.23288
15,2007,1,2009,-2,57.500317,0,0,1.1893643,-.0036615296,.56,57.500317,58.270317
15,2008,1,2009,-1,56.725716,0,0,1.1893643,-.0036615296,.63999999,56.725716,57.605717
15,2009,1,2009,0,55.175026,-.25,1,1.1893643,-.0036615296,.72000003,55.425026,56.165028
15,2010,1,2009,1,57.344658,-.5,1,1.1893643,-.0036615296,.80000001,57.844658,58.444656
15,2011,1,2009,2,57.136002,-.75,1,1.1893643,-.0036615296,.88,57.886002,58.346001
15,2012,1,2009,3,55.307922,-1,1,1.1893643,-.0036615296,.95999998,56.307922,56.627922
15,2013,1,2009,4,56.103516,-1,1,1.1893643,-.0036615296,1.04,57.103516,57.533516
15,2014,1,2009,5,56.066059,-1,1,1.1893643,-.0036615296,1.12,57.066059,57.60606
15,2015,1,2009,6,56.916946,-1,1,1.1893643,-.0036615296,1.2,57.916946,58.566948
15,2016,1,2009,7,56.907059,-1,1,1.1893643,-.0036615296,1.28,57.907059,58.667057
15,2017,1,2009,8,55.940201,-1,1,1.1893643,-.0036615296,1.36,56.940201,57.8102
15,2018,1,2009,9,55.917545,-1,1,1.1893643,-.0036615296,1.4400001,56.917545,57.897545
15,2019,1,2009,10,55.225491,-1,1,1.1893643,-.0036615296,1.52,56.225491,57.315491
16,2000,1,2009,-9,55.590618,0,0,.54228061,.0116068,0,55.590618,55.590618
16,2001,1,2009,-8,55.239498,0,0,.54228061,.0116068,.079999998,55.239498,55.349499
16,2002,1,2009,-7,55.700832,0,0,.54228061,.0116068,.16,55.700832,55.920834
16,2003,1,2009,-6,55.801342,0,0,.54228061,.0116068,.23999999,55.801342,56.131344
16,2004,1,2009,-5,55.065254,0,0,.54228061,.0116068,.31999999,55.065254,55.505253
16,2005,1,2009,-4,55.866459,0,0,.54228061,.0116068,.40000001,55.866459,56.416458
16,2006,1,2009,-3,56.16552,0,0,.54228061,.0116068,.47999999,56.16552,56.82552
16,2007,1,2009,-2,55.807552,0,0,.54228061,.0116068,.56,55.807552,56.577553
16,2008,1,2009,-1,55.973305,0,0,.54228061,.0116068,.63999999,55.973305,56.853306
16,2009,1,2009,0,56.527527,-.25,1,.54228061,.0116068,.72000003,56.777527,57.517529
16,2010,1,2009,1,56.415928,-.5,1,.54228061,.0116068,.80000001,56.915928,57.515926
16,2011,1,2009,2,55.453094,-.75,1,.54228061,.0116068,.88,56.203094,56.663094
16,2012,1,2009,3,55.050461,-1,1,.54228061,.0116068,.95999998,56.050461,56.370461
16,2013,1,2009,4,55.2766,-1,1,.54228061,.0116068,1.04,56.2766,56.7066
16,2014,1,2009,5,55.408646,-1,1,.54228061,.0116068,1.12,56.408646,56.948647
16,2015,1,2009,6,56.50827,-1,1,.54228061,.0116068,1.2,57.50827,58.158272
16,2016,1,2009,7,57.085159,-1,1,.54228061,.0116068,1.28,58.085159,58.845158
16,2017,1,2009,8,56.869484,-1,1,.54228061,.0116068,1.36,57.869484,58.739483
16,2018,1,2009,9,55.58392,-1,1,.54228061,.0116068,1.4400001,56.58392,57.563919
16,2019,1,2009,10,55.721069,-1,1,.54228061,.0116068,1.52,56.721069,57.811069
17,2000,1,2010,-10,56.002441,0,0,.23347355,-.0023091247,0,56.002441,56.002441
17,2001,1,2010,-9,55.175297,0,0,.23347355,-.0023091247,.079999998,55.175297,55.285297
17,2002,1,2010,-8,55.422241,0,0,.23347355,-.0023091247,.16,55.422241,55.642242
17,2003,1,2010,-7,55.349445,0,0,.23347355,-.0023091247,.23999999,55.349445,55.679447
17,2004,1,2010,-6,55.471935,0,0,.23347355,-.0023091247,.31999999,55.471935,55.911934
17,2005,1,2010,-5,55.668976,0,0,.23347355,-.0023091247,.40000001,55.668976,56.218975
17,2006,1,2010,-4,55.286911,0,0,.23347355,-.0023091247,.47999999,55.286911,55.946911
17,2007,1,2010,-3,55.481205,0,0,.23347355,-.0023091247,.56,55.481205,56.251205
17,2008,1,2010,-2,55.240822,0,0,.23347355,-.0023091247,.63999999,55.240822,56.120823
17,2009,1,2010,-1,56.164837,0,0,.23347355,-.0023091247,.72000003,56.164837,57.154839
17,2010,1,2010,0,55.767254,-.25,1,.23347355,-.0023091247,.80000001,56.017254,56.867252
17,2011,1,2010,1,55.232719,-.5,1,.23347355,-.0023091247,.88,55.732719,56.442719
17,2012,1,2010,2,56.260593,-.75,1,.23347355,-.0023091247,.95999998,57.010593,57.580593
17,2013,1,2010,3,54.733799,-1,1,.23347355,-.0023091247,1.04,55.733799,56.163799
17,2014,1,2010,4,54.654701,-1,1,.23347355,-.0023091247,1.12,55.654701,56.194702
17,2015,1,2010,5,55.243477,-1,1,.23347355,-.0023091247,1.2,56.243477,56.893478
17,2016,1,2010,6,55.573078,-1,1,.23347355,-.0023091247,1.28,56.573078,57.333076
17,2017,1,2010,7,55.725784,-1,1,.23347355,-.0023091247,1.36,56.725784,57.595783
17,2018,1,2010,8,55.328598,-1,1,.23347355,-.0023091247,1.4400001,56.328598,57.308598
17,2019,1,2010,9,56.303761,-1,1,.23347355,-.0023091247,1.52,57.303761,58.393761
18,2000,1,2010,-10,55.87711,0,0,.25000992,-.051983256,0,55.87711,55.87711
18,2001,1,2010,-9,55.369362,0,0,.25000992,-.051983256,.079999998,55.369362,55.479362
18,2002,1,2010,-8,55.290596,0,0,.25000992,-.051983256,.16,55.290596,55.510597
18,2003,1,2010,-7,55.625927,0,0,.25000992,-.051983256,.23999999,55.625927,55.955929
18,2004,1,2010,-6,54.857506,0,0,.25000992,-.051983256,.31999999,54.857506,55.297504
18,2005,1,2010,-5,55.32695,0,0,.25000992,-.051983256,.40000001,55.32695,55.876949
18,2006,1,2010,-4,55.782124,0,0,.25000992,-.051983256,.47999999,55.782124,56.442123
18,2007,1,2010,-3,55.336975,0,0,.25000992,-.051983256,.56,55.336975,56.106976
18,2008,1,2010,-2,56.101753,0,0,.25000992,-.051983256,.63999999,56.101753,56.981754
18,2009,1,2010,-1,55.31321,0,0,.25000992,-.051983256,.72000003,55.31321,56.303211
18,2010,1,2010,0,54.390553,-.25,1,.25000992,-.051983256,.80000001,54.640553,55.490551
18,2011,1,2010,1,56.010113,-.5,1,.25000992,-.051983256,.88,56.510113,57.220112
18,2012,1,2010,2,54.349094,-.75,1,.25000992,-.051983256,.95999998,55.099094,55.669094
18,2013,1,2010,3,54.529884,-1,1,.25000992,-.051983256,1.04,55.529884,55.959885
18,2014,1,2010,4,54.222225,-1,1,.25000992,-.051983256,1.12,55.222225,55.762226
18,2015,1,2010,5,56.212448,-1,1,.25000992,-.051983256,1.2,57.212448,57.86245
18,2016,1,2010,6,54.601723,-1,1,.25000992,-.051983256,1.28,55.601723,56.361721
18,2017,1,2010,7,54.144867,-1,1,.25000992,-.051983256,1.36,55.144867,56.014866
18,2018,1,2010,8,54.710346,-1,1,.25000992,-.051983256,1.4400001,55.710346,56.690346
18,2019,1,2010,9,53.943329,-1,1,.25000992,-.051983256,1.52,54.943329,56.033329
19,2000,1,2010,-10,54.620296,0,0,-.63750428,.014877939,0,54.620296,54.620296
19,2001,1,2010,-9,54.429283,0,0,-.63750428,.014877939,.079999998,54.429283,54.539284
19,2002,1,2010,-8,54.285847,0,0,-.63750428,.014877939,.16,54.285847,54.505848
19,2003,1,2010,-7,55.104195,0,0,-.63750428,.014877939,.23999999,55.104195,55.434196
19,2004,1,2010,-6,54.331291,0,0,-.63750428,.014877939,.31999999,54.331291,54.77129
19,2005,1,2010,-5,54.877937,0,0,-.63750428,.014877939,.40000001,54.877937,55.427937
19,2006,1,2010,-4,54.468597,0,0,-.63750428,.014877939,.47999999,54.468597,55.128597
19,2007,1,2010,-3,55.339176,0,0,-.63750428,.014877939,.56,55.339176,56.109177
19,2008,1,2010,-2,53.520794,0,0,-.63750428,.014877939,.63999999,53.520794,54.400795
19,2009,1,2010,-1,55.234505,0,0,-.63750428,.014877939,.72000003,55.234505,56.224506
19,2010,1,2010,0,54.841732,-.25,1,-.63750428,.014877939,.80000001,55.091732,55.94173
19,2011,1,2010,1,53.596397,-.5,1,-.63750428,.014877939,.88,54.096397,54.806396
19,2012,1,2010,2,54.557793,-.75,1,-.63750428,.014877939,.95999998,55.307793,55.877792
19,2013,1,2010,3,53.79554,-1,1,-.63750428,.014877939,1.04,54.79554,55.22554
19,2014,1,2010,4,54.837925,-1,1,-.63750428,.014877939,1.12,55.837925,56.377926
19,2015,1,2010,5,54.790577,-1,1,-.63750428,.014877939,1.2,55.790577,56.440578
19,2016,1,2010,6,55.679966,-1,1,-.63750428,.014877939,1.28,56.679966,57.439964
19,2017,1,2010,7,54.895958,-1,1,-.63750428,.014877939,1.36,55.895958,56.765957
19,2018,1,2010,8,54.349739,-1,1,-.63750428,.014877939,1.4400001,55.349739,56.329739
19,2019,1,2010,9,55.573559,-1,1,-.63750428,.014877939,1.52,56.573559,57.663559
20,2000,1,2010,-10,55.261662,0,0,.23148669,.0045333579,0,55.261662,55.261662
20,2001,1,2010,-9,56.002968,0,0,.23148669,.0045333579,.079999998,56.002968,56.112968
20,2002,1,2010,-8,55.509266,0,0,.23148669,.0045333579,.16,55.509266,55.729267
20,2003,1,2010,-7,55.34473,0,0,.23148669,.0045333579,.23999999,55.34473,55.674732
20,2004,1,2010,-6,55.001431,0,0,.23148669,.0045333579,.31999999,55.001431,55.441429
20,2005,1,2010,-5,55.360176,0,0,.23148669,.0045333579,.40000001,55.360176,55.910175
20,2006,1,2010,-4,55.510124,0,0,.23148669,.0045333579,.47999999,55.510124,56.170124
20,2007,1,2010,-3,55.889439,0,0,.23148669,.0045333579,.56,55.889439,56.659439
20,2008,1,2010,-2,56.110214,0,0,.23148669,.0045333579,.63999999,56.110214,56.990215
20,2009,1,2010,-1,56.113731,0,0,.23148669,.0045333579,.72000003,56.113731,57.103733
20,2010,1,2010,0,56.250206,-.25,1,.23148669,.0045333579,.80000001,56.500206,57.350204
20,2011,1,2010,1,55.370243,-.5,1,.23148669,.0045333579,.88,55.870243,56.580242
20,2012,1,2010,2,54.041309,-.75,1,.23148669,.0045333579,.95999998,54.791309,55.361309
20,2013,1,2010,3,56.028378,-1,1,.23148669,.0045333579,1.04,57.028378,57.458378
20,2014,1,2010,4,55.080269,-1,1,.23148669,.0045333579,1.12,56.080269,56.62027
20,2015,1,2010,5,55.19157,-1,1,.23148669,.0045333579,1.2,56.19157,56.841572
20,2016,1,2010,6,54.72567,-1,1,.23148669,.0045333579,1.28,55.72567,56.485668
20,2017,1,2010,7,55.95779,-1,1,.23148669,.0045333579,1.36,56.95779,57.827789
20,2018,1,2010,8,56.396717,-1,1,.23148669,.0045333579,1.4400001,57.396717,58.376717
20,2019,1,2010,9,54.910782,-1,1,.23148669,.0045333579,1.52,55.910782,57.000782
21,2000,1,2011,-11,53.560993,0,0,-.35394171,.0013175866,0,53.560993,53.560993
21,2001,1,2011,-10,53.859722,0,0,-.35394171,.0013175866,.079999998,53.859722,53.969723
21,2002,1,2011,-9,54.605824,0,0,-.35394171,.0013175866,.16,54.605824,54.825825
21,2003,1,2011,-8,55.839844,0,0,-.35394171,.0013175866,.23999999,55.839844,56.169846
21,2004,1,2011,-7,54.915855,0,0,-.35394171,.0013175866,.31999999,54.915855,55.355854
21,2005,1,2011,-6,54.627975,0,0,-.35394171,.0013175866,.40000001,54.627975,55.177975
21,2006,1,2011,-5,54.31921,0,0,-.35394171,.0013175866,.47999999,54.31921,54.97921
21,2007,1,2011,-4,55.168339,0,0,-.35394171,.0013175866,.56,55.168339,55.938339
21,2008,1,2011,-3,55.026367,0,0,-.35394171,.0013175866,.63999999,55.026367,55.906368
21,2009,1,2011,-2,55.609478,0,0,-.35394171,.0013175866,.72000003,55.609478,56.59948
21,2010,1,2011,-1,55.014923,0,0,-.35394171,.0013175866,.80000001,55.014923,56.114922
21,2011,1,2011,0,54.835655,-.25,1,-.35394171,.0013175866,.88,55.085655,56.045654
21,2012,1,2011,1,54.139076,-.5,1,-.35394171,.0013175866,.95999998,54.639076,55.459076
21,2013,1,2011,2,55.600441,-.75,1,-.35394171,.0013175866,1.04,56.350441,57.030441
21,2014,1,2011,3,54.931942,-1,1,-.35394171,.0013175866,1.12,55.931942,56.471943
21,2015,1,2011,4,54.63586,-1,1,-.35394171,.0013175866,1.2,55.63586,56.285862
21,2016,1,2011,5,54.384968,-1,1,-.35394171,.0013175866,1.28,55.384968,56.144966
21,2017,1,2011,6,54.714378,-1,1,-.35394171,.0013175866,1.36,55.714378,56.584377
21,2018,1,2011,7,55.125095,-1,1,-.35394171,.0013175866,1.4400001,56.125095,57.105095
21,2019,1,2011,8,54.385738,-1,1,-.35394171,.0013175866,1.52,55.385738,56.475739
22,2000,1,2011,-11,56.625896,0,0,1.1241703,.034662608,0,56.625896,56.625896
22,2001,1,2011,-10,56.333267,0,0,1.1241703,.034662608,.079999998,56.333267,56.443268
22,2002,1,2011,-9,56.101215,0,0,1.1241703,.034662608,.16,56.101215,56.321217
22,2003,1,2011,-8,56.652412,0,0,1.1241703,.034662608,.23999999,56.652412,56.982414
22,2004,1,2011,-7,55.648518,0,0,1.1241703,.034662608,.31999999,55.648518,56.088516
22,2005,1,2011,-6,56.17775,0,0,1.1241703,.034662608,.40000001,56.17775,56.727749
22,2006,1,2011,-5,57.54945,0,0,1.1241703,.034662608,.47999999,57.54945,58.20945
22,2007,1,2011,-4,57.536423,0,0,1.1241703,.034662608,.56,57.536423,58.306423
22,2008,1,2011,-3,56.430801,0,0,1.1241703,.034662608,.63999999,56.430801,57.310802
22,2009,1,2011,-2,58.046772,0,0,1.1241703,.034662608,.72000003,58.046772,59.036774
22,2010,1,2011,-1,57.786865,0,0,1.1241703,.034662608,.80000001,57.786865,58.886864
22,2011,1,2011,0,57.202686,-.25,1,1.1241703,.034662608,.88,57.452686,58.412685
22,2012,1,2011,1,56.778522,-.5,1,1.1241703,.034662608,.95999998,57.278522,58.098522
22,2013,1,2011,2,57.669178,-.75,1,1.1241703,.034662608,1.04,58.419178,59.099178
22,2014,1,2011,3,56.614006,-1,1,1.1241703,.034662608,1.12,57.614006,58.154007
22,2015,1,2011,4,57.34338,-1,1,1.1241703,.034662608,1.2,58.34338,58.993382
22,2016,1,2011,5,57.51664,-1,1,1.1241703,.034662608,1.28,58.51664,59.276638
22,2017,1,2011,6,57.019581,-1,1,1.1241703,.034662608,1.36,58.019581,58.88958
22,2018,1,2011,7,56.673855,-1,1,1.1241703,.034662608,1.4400001,57.673855,58.653854
22,2019,1,2011,8,57.062393,-1,1,1.1241703,.034662608,1.52,58.062393,59.152393
23,2000,1,2011,-11,57.356762,0,0,1.9965174,.041784961,0,57.356762,57.356762
23,2001,1,2011,-10,57.226238,0,0,1.9965174,.041784961,.079999998,57.226238,57.336239
23,2002,1,2011,-9,56.811134,0,0,1.9965174,.041784961,.16,56.811134,57.031136
23,2003,1,2011,-8,57.586807,0,0,1.9965174,.041784961,.23999999,57.586807,57.916809
23,2004,1,2011,-7,57.817753,0,0,1.9965174,.041784961,.31999999,57.817753,58.257751
23,2005,1,2011,-6,58.411522,0,0,1.9965174,.041784961,.40000001,58.411522,58.961521
23,2006,1,2011,-5,58.179012,0,0,1.9965174,.041784961,.47999999,58.179012,58.839012
23,2007,1,2011,-4,58.783054,0,0,1.9965174,.041784961,.56,58.783054,59.553055
23,2008,1,2011,-3,57.569046,0,0,1.9965174,.041784961,.63999999,57.569046,58.449047
23,2009,1,2011,-2,57.667648,0,0,1.9965174,.041784961,.72000003,57.667648,58.65765
23,2010,1,2011,-1,58.465992,0,0,1.9965174,.041784961,.80000001,58.465992,59.56599
23,2011,1,2011,0,58.37402,-.25,1,1.9965174,.041784961,.88,58.62402,59.584019
23,2012,1,2011,1,57.924767,-.5,1,1.9965174,.041784961,.95999998,58.424767,59.244766
23,2013,1,2011,2,58.677402,-.75,1,1.9965174,.041784961,1.04,59.427402,60.107403
23,2014,1,2011,3,57.068829,-1,1,1.9965174,.041784961,1.12,58.068829,58.608829
23,2015,1,2011,4,57.030941,-1,1,1.9965174,.041784961,1.2,58.030941,58.680943
23,2016,1,2011,5,56.979965,-1,1,1.9965174,.041784961,1.28,57.979965,58.739964
23,2017,1,2011,6,56.708805,-1,1,1.9965174,.041784961,1.36,57.708805,58.578804
23,2018,1,2011,7,58.277256,-1,1,1.9965174,.041784961,1.4400001,59.277256,60.257256
23,2019,1,2011,8,58.811741,-1,1,1.9965174,.041784961,1.52,59.811741,60.901741
24,2000,1,2011,-11,56.502087,0,0,1.1846564,-.043729022,0,56.502087,56.502087
24,2001,1,2011,-10,56.114956,0,0,1.1846564,-.043729022,.079999998,56.114956,56.224957
24,2002,1,2011,-9,56.88406,0,0,1.1846564,-.043729022,.16,56.88406,57.104061
24,2003,1,2011,-8,56.058712,0,0,1.1846564,-.043729022,.23999999,56.058712,56.388714
24,2004,1,2011,-7,56.01886,0,0,1.1846564,-.043729022,.31999999,56.01886,56.458858
24,2005,1,2011,-6,55.490803,0,0,1.1846564,-.043729022,.40000001,55.490803,56.040802
24,2006,1,2011,-5,56.963341,0,0,1.1846564,-.043729022,.47999999,56.963341,57.623341
24,2007,1,2011,-4,55.471684,0,0,1.1846564,-.043729022,.56,55.471684,56.241684
24,2008,1,2011,-3,57.184162,0,0,1.1846564,-.043729022,.63999999,57.184162,58.064163
24,2009,1,2011,-2,56.146797,0,0,1.1846564,-.043729022,.72000003,56.146797,57.136799
24,2010,1,2011,-1,55.66938,0,0,1.1846564,-.043729022,.80000001,55.66938,56.769379
24,2011,1,2011,0,55.689304,-.25,1,1.1846564,-.043729022,.88,55.939304,56.899303
24,2012,1,2011,1,56.572044,-.5,1,1.1846564,-.043729022,.95999998,57.072044,57.892044
24,2013,1,2011,2,56.691738,-.75,1,1.1846564,-.043729022,1.04,57.441738,58.121738
24,2014,1,2011,3,54.981701,-1,1,1.1846564,-.043729022,1.12,55.981701,56.521702
24,2015,1,2011,4,54.813278,-1,1,1.1846564,-.043729022,1.2,55.813278,56.46328
24,2016,1,2011,5,55.858612,-1,1,1.1846564,-.043729022,1.28,56.858612,57.61861
24,2017,1,2011,6,55.660721,-1,1,1.1846564,-.043729022,1.36,56.660721,57.53072
24,2018,1,2011,7,55.670368,-1,1,1.1846564,-.043729022,1.4400001,56.670368,57.650368
24,2019,1,2011,8,55.246754,-1,1,1.1846564,-.043729022,1.52,56.246754,57.336754
25,2000,1,2012,-12,54.98629,0,0,.38642362,-.031868525,0,54.98629,54.98629
25,2001,1,2012,-11,55.195358,0,0,.38642362,-.031868525,.079999998,55.195358,55.305359
25,2002,1,2012,-10,55.825459,0,0,.38642362,-.031868525,.16,55.825459,56.04546
25,2003,1,2012,-9,55.448345,0,0,.38642362,-.031868525,.23999999,55.448345,55.778347
25,2004,1,2012,-8,56.651661,0,0,.38642362,-.031868525,.31999999,56.651661,57.09166
25,2005,1,2012,-7,56.105057,0,0,.38642362,-.031868525,.40000001,56.105057,56.655056
25,2006,1,2012,-6,54.28159,0,0,.38642362,-.031868525,.47999999,54.28159,54.941589
25,2007,1,2012,-5,55.988529,0,0,.38642362,-.031868525,.56,55.988529,56.75853
25,2008,1,2012,-4,56.335045,0,0,.38642362,-.031868525,.63999999,56.335045,57.215046
25,2009,1,2012,-3,55.997932,0,0,.38642362,-.031868525,.72000003,55.997932,56.987934
25,2010,1,2012,-2,56.266422,0,0,.38642362,-.031868525,.80000001,56.266422,57.366421
25,2011,1,2012,-1,56.186398,0,0,.38642362,-.031868525,.88,56.186398,57.396397
25,2012,1,2012,0,56.023281,-.25,1,.38642362,-.031868525,.95999998,56.273281,57.343281
25,2013,1,2012,1,55.397957,-.5,1,.38642362,-.031868525,1.04,55.897957,56.827957
25,2014,1,2012,2,56.232574,-.75,1,.38642362,-.031868525,1.12,56.982574,57.772575
25,2015,1,2012,3,55.207455,-1,1,.38642362,-.031868525,1.2,56.207455,56.857456
25,2016,1,2012,4,54.903542,-1,1,.38642362,-.031868525,1.28,55.903542,56.66354
25,2017,1,2012,5,55.683479,-1,1,.38642362,-.031868525,1.36,56.683479,57.553478
25,2018,1,2012,6,55.038868,-1,1,.38642362,-.031868525,1.4400001,56.038868,57.018867
25,2019,1,2012,7,55.350067,-1,1,.38642362,-.031868525,1.52,56.350067,57.440067
26,2000,1,2012,-12,57.563416,0,0,2.8559654,-.071110286,0,57.563416,57.563416
26,2001,1,2012,-11,59.182602,0,0,2.8559654,-.071110286,.079999998,59.182602,59.292603
26,2002,1,2012,-10,57.346161,0,0,2.8559654,-.071110286,.16,57.346161,57.566162
26,2003,1,2012,-9,56.554913,0,0,2.8559654,-.071110286,.23999999,56.554913,56.884914
26,2004,1,2012,-8,58.19949,0,0,2.8559654,-.071110286,.31999999,58.19949,58.639488
26,2005,1,2012,-7,56.734367,0,0,2.8559654,-.071110286,.40000001,56.734367,57.284367
26,2006,1,2012,-6,58.537949,0,0,2.8559654,-.071110286,.47999999,58.537949,59.197948
26,2007,1,2012,-5,57.117599,0,0,2.8559654,-.071110286,.56,57.117599,57.8876
26,2008,1,2012,-4,57.14724,0,0,2.8559654,-.071110286,.63999999,57.14724,58.027241
26,2009,1,2012,-3,57.968769,0,0,2.8559654,-.071110286,.72000003,57.968769,58.958771
26,2010,1,2012,-2,57.058636,0,0,2.8559654,-.071110286,.80000001,57.058636,58.158634
26,2011,1,2012,-1,58.036259,0,0,2.8559654,-.071110286,.88,58.036259,59.246258
26,2012,1,2012,0,57.888885,-.25,1,2.8559654,-.071110286,.95999998,58.138885,59.208885
26,2013,1,2012,1,57.244556,-.5,1,2.8559654,-.071110286,1.04,57.744556,58.674557
26,2014,1,2012,2,56.439987,-.75,1,2.8559654,-.071110286,1.12,57.189987,57.979988
26,2015,1,2012,3,56.659176,-1,1,2.8559654,-.071110286,1.2,57.659176,58.309177
26,2016,1,2012,4,56.483814,-1,1,2.8559654,-.071110286,1.28,57.483814,58.243813
26,2017,1,2012,5,56.288143,-1,1,2.8559654,-.071110286,1.36,57.288143,58.158142
26,2018,1,2012,6,58.079006,-1,1,2.8559654,-.071110286,1.4400001,59.079006,60.059006
26,2019,1,2012,7,57.173168,-1,1,2.8559654,-.071110286,1.52,58.173168,59.263168
27,2000,1,2012,-12,56.298439,0,0,.66818535,-.0012782932,0,56.298439,56.298439
27,2001,1,2012,-11,56.236477,0,0,.66818535,-.0012782932,.079999998,56.236477,56.346478
27,2002,1,2012,-10,55.740425,0,0,.66818535,-.0012782932,.16,55.740425,55.960426
27,2003,1,2012,-9,55.922112,0,0,.66818535,-.0012782932,.23999999,55.922112,56.252113
27,2004,1,2012,-8,55.67411,0,0,.66818535,-.0012782932,.31999999,55.67411,56.114109
27,2005,1,2012,-7,55.98225,0,0,.66818535,-.0012782932,.40000001,55.98225,56.532249
27,2006,1,2012,-6,57.225048,0,0,.66818535,-.0012782932,.47999999,57.225048,57.885048
27,2007,1,2012,-5,55.614441,0,0,.66818535,-.0012782932,.56,55.614441,56.384441
27,2008,1,2012,-4,56.388515,0,0,.66818535,-.0012782932,.63999999,56.388515,57.268517
27,2009,1,2012,-3,57.046703,0,0,.66818535,-.0012782932,.72000003,57.046703,58.036705
27,2010,1,2012,-2,56.022888,0,0,.66818535,-.0012782932,.80000001,56.022888,57.122887
27,2011,1,2012,-1,55.661343,0,0,.66818535,-.0012782932,.88,55.661343,56.871342
27,2012,1,2012,0,56.433434,-.25,1,.66818535,-.0012782932,.95999998,56.683434,57.753433
27,2013,1,2012,1,56.729546,-.5,1,.66818535,-.0012782932,1.04,57.229546,58.159546
27,2014,1,2012,2,55.932457,-.75,1,.66818535,-.0012782932,1.12,56.682457,57.472458
27,2015,1,2012,3,56.062668,-1,1,.66818535,-.0012782932,1.2,57.062668,57.712669
27,2016,1,2012,4,55.332745,-1,1,.66818535,-.0012782932,1.28,56.332745,57.092743
27,2017,1,2012,5,55.289936,-1,1,.66818535,-.0012782932,1.36,56.289936,57.159935
27,2018,1,2012,6,55.944874,-1,1,.66818535,-.0012782932,1.4400001,56.944874,57.924873
27,2019,1,2012,7,56.235252,-1,1,.66818535,-.0012782932,1.52,57.235252,58.325253
28,2000,1,2012,-12,53.693031,0,0,-.81318891,-.0098572774,0,53.693031,53.693031
28,2001,1,2012,-11,53.89357,0,0,-.81318891,-.0098572774,.079999998,53.89357,54.003571
28,2002,1,2012,-10,54.800472,0,0,-.81318891,-.0098572774,.16,54.800472,55.020473
28,2003,1,2012,-9,54.758663,0,0,-.81318891,-.0098572774,.23999999,54.758663,55.088665
28,2004,1,2012,-8,54.758076,0,0,-.81318891,-.0098572774,.31999999,54.758076,55.198074
28,2005,1,2012,-7,54.487133,0,0,-.81318891,-.0098572774,.40000001,54.487133,55.037132
28,2006,1,2012,-6,54.938461,0,0,-.81318891,-.0098572774,.47999999,54.938461,55.598461
28,2007,1,2012,-5,53.534348,0,0,-.81318891,-.0098572774,.56,53.534348,54.304348
28,2008,1,2012,-4,54.437302,0,0,-.81318891,-.0098572774,.63999999,54.437302,55.317303
28,2009,1,2012,-3,55.124557,0,0,-.81318891,-.0098572774,.72000003,55.124557,56.114559
28,2010,1,2012,-2,54.587677,0,0,-.81318891,-.0098572774,.80000001,54.587677,55.687675
28,2011,1,2012,-1,53.916134,0,0,-.81318891,-.0098572774,.88,53.916134,55.126133
28,2012,1,2012,0,54.889782,-.25,1,-.81318891,-.0098572774,.95999998,55.139782,56.209782
28,2013,1,2012,1,54.560135,-.5,1,-.81318891,-.0098572774,1.04,55.060135,55.990135
28,2014,1,2012,2,54.907116,-.75,1,-.81318891,-.0098572774,1.12,55.657116,56.447117
28,2015,1,2012,3,54.738194,-1,1,-.81318891,-.0098572774,1.2,55.738194,56.388195
28,2016,1,2012,4,54.295113,-1,1,-.81318891,-.0098572774,1.28,55.295113,56.055111
28,2017,1,2012,5,53.821774,-1,1,-.81318891,-.0098572774,1.36,54.821774,55.691772
28,2018,1,2012,6,54.484398,-1,1,-.81318891,-.0098572774,1.4400001,55.484398,56.464397
28,2019,1,2012,7,53.396893,-1,1,-.81318891,-.0098572774,1.52,54.396893,55.486893
29,2000,1,2013,-13,56.06179,0,0,.74142152,-.012202553,0,56.06179,56.06179
29,2001,1,2013,-12,55.393414,0,0,.74142152,-.012202553,.079999998,55.393414,55.503414
29,2002,1,2013,-11,55.41003,0,0,.74142152,-.012202553,.16,55.41003,55.630032
29,2003,1,2013,-10,54.879124,0,0,.74142152,-.012202553,.23999999,54.879124,55.209126
29,2004,1,2013,-9,55.325565,0,0,.74142152,-.012202553,.31999999,55.325565,55.765564
29,2005,1,2013,-8,55.538197,0,0,.74142152,-.012202553,.40000001,55.538197,56.088196
29,2006,1,2013,-7,56.893719,0,0,.74142152,-.012202553,.47999999,56.893719,57.553719
29,2007,1,2013,-6,56.433865,0,0,.74142152,-.012202553,.56,56.433865,57.203865
29,2008,1,2013,-5,56.815563,0,0,.74142152,-.012202553,.63999999,56.815563,57.695564
29,2009,1,2013,-4,56.341965,0,0,.74142152,-.012202553,.72000003,56.341965,57.331966
29,2010,1,2013,-3,56.867699,0,0,.74142152,-.012202553,.80000001,56.867699,57.967697
29,2011,1,2013,-2,57.174412,0,0,.74142152,-.012202553,.88,57.174412,58.384411
29,2012,1,2013,-1,55.990898,0,0,.74142152,-.012202553,.95999998,55.990898,57.310898
29,2013,1,2013,0,56.49818,-.25,1,.74142152,-.012202553,1.04,56.74818,57.928181
29,2014,1,2013,1,55.674908,-.5,1,.74142152,-.012202553,1.12,56.174908,57.214909
29,2015,1,2013,2,56.325695,-.75,1,.74142152,-.012202553,1.2,57.075695,57.975697
29,2016,1,2013,3,55.867249,-1,1,.74142152,-.012202553,1.28,56.867249,57.627247
29,2017,1,2013,4,55.904816,-1,1,.74142152,-.012202553,1.36,56.904816,57.774815
29,2018,1,2013,5,57.237595,-1,1,.74142152,-.012202553,1.4400001,58.237595,59.217594
29,2019,1,2013,6,56.626125,-1,1,.74142152,-.012202553,1.52,57.626125,58.716125
30,2000,1,2013,-13,55.926559,0,0,.52368486,.0047584958,0,55.926559,55.926559
30,2001,1,2013,-12,55.633862,0,0,.52368486,.0047584958,.079999998,55.633862,55.743862
30,2002,1,2013,-11,55.742714,0,0,.52368486,.0047584958,.16,55.742714,55.962715
30,2003,1,2013,-10,55.820408,0,0,.52368486,.0047584958,.23999999,55.820408,56.15041
30,2004,1,2013,-9,55.433517,0,0,.52368486,.0047584958,.31999999,55.433517,55.873516
30,2005,1,2013,-8,55.679661,0,0,.52368486,.0047584958,.40000001,55.679661,56.22966
30,2006,1,2013,-7,55.460464,0,0,.52368486,.0047584958,.47999999,55.460464,56.120464
30,2007,1,2013,-6,55.596355,0,0,.52368486,.0047584958,.56,55.596355,56.366356
30,2008,1,2013,-5,56.723537,0,0,.52368486,.0047584958,.63999999,56.723537,57.603539
30,2009,1,2013,-4,55.563004,0,0,.52368486,.0047584958,.72000003,55.563004,56.553005
30,2010,1,2013,-3,56.783924,0,0,.52368486,.0047584958,.80000001,56.783924,57.883923
30,2011,1,2013,-2,56.282463,0,0,.52368486,.0047584958,.88,56.282463,57.492462
30,2012,1,2013,-1,56.458534,0,0,.52368486,.0047584958,.95999998,56.458534,57.778534
30,2013,1,2013,0,57.290489,-.25,1,.52368486,.0047584958,1.04,57.540489,58.72049
30,2014,1,2013,1,55.748932,-.5,1,.52368486,.0047584958,1.12,56.248932,57.288933
30,2015,1,2013,2,55.150486,-.75,1,.52368486,.0047584958,1.2,55.900486,56.800488
30,2016,1,2013,3,55.355515,-1,1,.52368486,.0047584958,1.28,56.355515,57.115513
30,2017,1,2013,4,55.778809,-1,1,.52368486,.0047584958,1.36,56.778809,57.648808
30,2018,1,2013,5,55.868145,-1,1,.52368486,.0047584958,1.4400001,56.868145,57.848145
30,2019,1,2013,6,55.623249,-1,1,.52368486,.0047584958,1.52,56.623249,57.713249
31,2000,1,2013,-13,53.341972,0,0,-2.1944335,-.0077605462,0,53.341972,53.341972
31,2001,1,2013,-12,54.077564,0,0,-2.1944335,-.0077605462,.079999998,54.077564,54.187565
31,2002,1,2013,-11,52.213116,0,0,-2.1944335,-.0077605462,.16,52.213116,52.433117
31,2003,1,2013,-10,52.563889,0,0,-2.1944335,-.0077605462,.23999999,52.563889,52.89389
31,2004,1,2013,-9,52.791157,0,0,-2.1944335,-.0077605462,.31999999,52.791157,53.231155
31,2005,1,2013,-8,53.41975,0,0,-2.1944335,-.0077605462,.40000001,53.41975,53.969749
31,2006,1,2013,-7,52.937241,0,0,-2.1944335,-.0077605462,.47999999,52.937241,53.59724
31,2007,1,2013,-6,54.047527,0,0,-2.1944335,-.0077605462,.56,54.047527,54.817528
31,2008,1,2013,-5,52.578377,0,0,-2.1944335,-.0077605462,.63999999,52.578377,53.458378
31,2009,1,2013,-4,53.255093,0,0,-2.1944335,-.0077605462,.72000003,53.255093,54.245094
31,2010,1,2013,-3,53.112915,0,0,-2.1944335,-.0077605462,.80000001,53.112915,54.212914
31,2011,1,2013,-2,53.295158,0,0,-2.1944335,-.0077605462,.88,53.295158,54.505157
31,2012,1,2013,-1,53.388512,0,0,-2.1944335,-.0077605462,.95999998,53.388512,54.708511
31,2013,1,2013,0,52.961205,-.25,1,-2.1944335,-.0077605462,1.04,53.211205,54.391205
31,2014,1,2013,1,53.404934,-.5,1,-2.1944335,-.0077605462,1.12,53.904934,54.944935
31,2015,1,2013,2,52.221016,-.75,1,-2.1944335,-.0077605462,1.2,52.971016,53.871017
31,2016,1,2013,3,52.872543,-1,1,-2.1944335,-.0077605462,1.28,53.872543,54.632542
31,2017,1,2013,4,53.371567,-1,1,-2.1944335,-.0077605462,1.36,54.371567,55.241566
31,2018,1,2013,5,52.891743,-1,1,-2.1944335,-.0077605462,1.4400001,53.891743,54.871742
31,2019,1,2013,6,53.517082,-1,1,-2.1944335,-.0077605462,1.52,54.517082,55.607082
32,2000,1,2013,-13,55.358772,0,0,.49793026,.012516094,0,55.358772,55.358772
32,2001,1,2013,-12,56.971645,0,0,.49793026,.012516094,.079999998,56.971645,57.081646
32,2002,1,2013,-11,55.979401,0,0,.49793026,.012516094,.16,55.979401,56.199402
32,2003,1,2013,-10,56.306137,0,0,.49793026,.012516094,.23999999,56.306137,56.636139
32,2004,1,2013,-9,55.828777,0,0,.49793026,.012516094,.31999999,55.828777,56.268776
32,2005,1,2013,-8,56.527779,0,0,.49793026,.012516094,.40000001,56.527779,57.077778
32,2006,1,2013,-7,56.673553,0,0,.49793026,.012516094,.47999999,56.673553,57.333553
32,2007,1,2013,-6,56.721245,0,0,.49793026,.012516094,.56,56.721245,57.491245
32,2008,1,2013,-5,55.516804,0,0,.49793026,.012516094,.63999999,55.516804,56.396805
32,2009,1,2013,-4,56.732212,0,0,.49793026,.012516094,.72000003,56.732212,57.722214
32,2010,1,2013,-3,56.666294,0,0,.49793026,.012516094,.80000001,56.666294,57.766293
32,2011,1,2013,-2,55.913052,0,0,.49793026,.012516094,.88,55.913052,57.123051
32,2012,1,2013,-1,56.636204,0,0,.49793026,.012516094,.95999998,56.636204,57.956203
32,2013,1,2013,0,56.858505,-.25,1,.49793026,.012516094,1.04,57.108505,58.288506
32,2014,1,2013,1,56.723236,-.5,1,.49793026,.012516094,1.12,57.223236,58.263237
32,2015,1,2013,2,55.7215,-.75,1,.49793026,.012516094,1.2,56.4715,57.371502
32,2016,1,2013,3,54.451248,-1,1,.49793026,.012516094,1.28,55.451248,56.211246
32,2017,1,2013,4,55.42725,-1,1,.49793026,.012516094,1.36,56.42725,57.297249
32,2018,1,2013,5,56.08149,-1,1,.49793026,.012516094,1.4400001,57.08149,58.061489
32,2019,1,2013,6,55.327969,-1,1,.49793026,.012516094,1.52,56.327969,57.417969
33,2000,1,2014,-14,55.748978,0,0,1.1218724,-.0036465377,0,55.748978,55.748978
33,2001,1,2014,-13,56.5508,0,0,1.1218724,-.0036465377,.079999998,56.5508,56.660801
33,2002,1,2014,-12,55.901798,0,0,1.1218724,-.0036465377,.16,55.901798,56.121799
33,2003,1,2014,-11,55.785522,0,0,1.1218724,-.0036465377,.23999999,55.785522,56.115524
33,2004,1,2014,-10,55.798542,0,0,1.1218724,-.0036465377,.31999999,55.798542,56.238541
33,2005,1,2014,-9,57.115036,0,0,1.1218724,-.0036465377,.40000001,57.115036,57.665035
33,2006,1,2014,-8,56.713539,0,0,1.1218724,-.0036465377,.47999999,56.713539,57.373539
33,2007,1,2014,-7,56.292515,0,0,1.1218724,-.0036465377,.56,56.292515,57.062515
33,2008,1,2014,-6,56.221149,0,0,1.1218724,-.0036465377,.63999999,56.221149,57.101151
33,2009,1,2014,-5,57.255306,0,0,1.1218724,-.0036465377,.72000003,57.255306,58.245308
33,2010,1,2014,-4,56.839878,0,0,1.1218724,-.0036465377,.80000001,56.839878,57.939877
33,2011,1,2014,-3,56.269222,0,0,1.1218724,-.0036465377,.88,56.269222,57.479221
33,2012,1,2014,-2,57.017559,0,0,1.1218724,-.0036465377,.95999998,57.017559,58.337559
33,2013,1,2014,-1,56.163853,0,0,1.1218724,-.0036465377,1.04,56.163853,57.593853
33,2014,1,2014,0,56.284863,-.25,1,1.1218724,-.0036465377,1.12,56.534863,57.824863
33,2015,1,2014,1,57.301731,-.5,1,1.1218724,-.0036465377,1.2,57.801731,58.951733
33,2016,1,2014,2,56.996803,-.75,1,1.1218724,-.0036465377,1.28,57.746803,58.756802
33,2017,1,2014,3,56.607929,-1,1,1.1218724,-.0036465377,1.36,57.607929,58.477928
33,2018,1,2014,4,57.19149,-1,1,1.1218724,-.0036465377,1.4400001,58.19149,59.17149
33,2019,1,2014,5,55.991703,-1,1,1.1218724,-.0036465377,1.52,56.991703,58.081703
34,2000,1,2014,-14,56.124474,0,0,.39595661,-.0000321074,0,56.124474,56.124474
34,2001,1,2014,-13,56.00119,0,0,.39595661,-.0000321074,.079999998,56.00119,56.111191
34,2002,1,2014,-12,55.237652,0,0,.39595661,-.0000321074,.16,55.237652,55.457653
34,2003,1,2014,-11,56.311672,0,0,.39595661,-.0000321074,.23999999,56.311672,56.641674
34,2004,1,2014,-10,55.680111,0,0,.39595661,-.0000321074,.31999999,55.680111,56.12011
34,2005,1,2014,-9,55.535664,0,0,.39595661,-.0000321074,.40000001,55.535664,56.085663
34,2006,1,2014,-8,56.126827,0,0,.39595661,-.0000321074,.47999999,56.126827,56.786827
34,2007,1,2014,-7,56.193474,0,0,.39595661,-.0000321074,.56,56.193474,56.963474
34,2008,1,2014,-6,55.366909,0,0,.39595661,-.0000321074,.63999999,55.366909,56.24691
34,2009,1,2014,-5,56.468689,0,0,.39595661,-.0000321074,.72000003,56.468689,57.458691
34,2010,1,2014,-4,55.671051,0,0,.39595661,-.0000321074,.80000001,55.671051,56.771049
34,2011,1,2014,-3,55.715664,0,0,.39595661,-.0000321074,.88,55.715664,56.925663
34,2012,1,2014,-2,55.80938,0,0,.39595661,-.0000321074,.95999998,55.80938,57.129379
34,2013,1,2014,-1,56.384708,0,0,.39595661,-.0000321074,1.04,56.384708,57.814709
34,2014,1,2014,0,56.345078,-.25,1,.39595661,-.0000321074,1.12,56.595078,57.885078
34,2015,1,2014,1,55.762897,-.5,1,.39595661,-.0000321074,1.2,56.262897,57.412899
34,2016,1,2014,2,55.371937,-.75,1,.39595661,-.0000321074,1.28,56.121937,57.131935
34,2017,1,2014,3,56.03109,-1,1,.39595661,-.0000321074,1.36,57.03109,57.901089
34,2018,1,2014,4,56.626537,-1,1,.39595661,-.0000321074,1.4400001,57.626537,58.606537
34,2019,1,2014,5,55.475555,-1,1,.39595661,-.0000321074,1.52,56.475555,57.565556
35,2000,1,2014,-14,54.220779,0,0,-.80514282,.0072020097,0,54.220779,54.220779
35,2001,1,2014,-13,54.435982,0,0,-.80514282,.0072020097,.079999998,54.435982,54.545982
35,2002,1,2014,-12,54.42136,0,0,-.80514282,.0072020097,.16,54.42136,54.641361
35,2003,1,2014,-11,54.122162,0,0,-.80514282,.0072020097,.23999999,54.122162,54.452164
35,2004,1,2014,-10,55.067493,0,0,-.80514282,.0072020097,.31999999,55.067493,55.507492
35,2005,1,2014,-9,54.590878,0,0,-.80514282,.0072020097,.40000001,54.590878,55.140877
35,2006,1,2014,-8,54.775627,0,0,-.80514282,.0072020097,.47999999,54.775627,55.435627
35,2007,1,2014,-7,54.844585,0,0,-.80514282,.0072020097,.56,54.844585,55.614586
35,2008,1,2014,-6,54.625938,0,0,-.80514282,.0072020097,.63999999,54.625938,55.505939
35,2009,1,2014,-5,54.879322,0,0,-.80514282,.0072020097,.72000003,54.879322,55.869324
35,2010,1,2014,-4,55.918358,0,0,-.80514282,.0072020097,.80000001,55.918358,57.018356
35,2011,1,2014,-3,56.128399,0,0,-.80514282,.0072020097,.88,56.128399,57.338398
35,2012,1,2014,-2,54.527069,0,0,-.80514282,.0072020097,.95999998,54.527069,55.847069
35,2013,1,2014,-1,55.554642,0,0,-.80514282,.0072020097,1.04,55.554642,56.984642
35,2014,1,2014,0,55.47887,-.25,1,-.80514282,.0072020097,1.12,55.72887,57.018871
35,2015,1,2014,1,55.588261,-.5,1,-.80514282,.0072020097,1.2,56.088261,57.238262
35,2016,1,2014,2,54.820885,-.75,1,-.80514282,.0072020097,1.28,55.570885,56.580883
35,2017,1,2014,3,54.465782,-1,1,-.80514282,.0072020097,1.36,55.465782,56.335781
35,2018,1,2014,4,54.603199,-1,1,-.80514282,.0072020097,1.4400001,55.603199,56.583199
35,2019,1,2014,5,55.189407,-1,1,-.80514282,.0072020097,1.52,56.189407,57.279408
36,2000,0,,,55.946701,0,0,.45556441,.064920433,0,55.946701,55.946701
36,2001,0,,,55.768471,0,0,.45556441,.064920433,.079999998,55.768471,55.768471
36,2002,0,,,55.909157,0,0,.45556441,.064920433,.16,55.909157,55.909157
36,2003,0,,,55.9445,0,0,.45556441,.064920433,.23999999,55.9445,55.9445
36,2004,0,,,56.545788,0,0,.45556441,.064920433,.31999999,56.545788,56.545788
36,2005,0,,,57.212246,0,0,.45556441,.064920433,.40000001,57.212246,57.212246
36,2006,0,,,57.433891,0,0,.45556441,.064920433,.47999999,57.433891,57.433891
36,2007,0,,,55.872978,0,0,.45556441,.064920433,.56,55.872978,55.872978
36,2008,0,,,57.012726,0,0,.45556441,.064920433,.63999999,57.012726,57.012726
36,2009,0,,,57.356037,0,0,.45556441,.064920433,.72000003,57.356037,57.356037
36,2010,0,,,56.836967,0,0,.45556441,.064920433,.80000001,56.836967,56.836967
36,2011,0,,,57.052586,0,0,.45556441,.064920433,.88,57.052586,57.052586
36,2012,0,,,56.733212,0,0,.45556441,.064920433,.95999998,56.733212,56.733212
36,2013,0,,,57.604912,0,0,.45556441,.064920433,1.04,57.604912,57.604912
36,2014,0,,,56.977215,0,0,.45556441,.064920433,1.12,56.977215,56.977215
36,2015,0,,,57.643761,0,0,.45556441,.064920433,1.2,57.643761,57.643761
36,2016,0,,,58.370125,0,0,.45556441,.064920433,1.28,58.370125,58.370125
36,2017,0,,,57.924721,0,0,.45556441,.064920433,1.36,57.924721,57.924721
36,2018,0,,,57.06525,0,0,.45556441,.064920433,1.4400001,57.06525,57.06525
36,2019,0,,,58.042065,0,0,.45556441,.064920433,1.52,58.042065,58.042065
37,2000,0,,,55.298054,0,0,.26430929,-.0053911908,0,55.298054,55.298054
37,2001,0,,,55.32206,0,0,.26430929,-.0053911908,.079999998,55.32206,55.32206
37,2002,0,,,56.00087,0,0,.26430929,-.0053911908,.16,56.00087,56.00087
37,2003,0,,,55.82835,0,0,.26430929,-.0053911908,.23999999,55.82835,55.82835
37,2004,0,,,55.221203,0,0,.26430929,-.0053911908,.31999999,55.221203,55.221203
37,2005,0,,,56.318108,0,0,.26430929,-.0053911908,.40000001,56.318108,56.318108
37,2006,0,,,56.273537,0,0,.26430929,-.0053911908,.47999999,56.273537,56.273537
37,2007,0,,,55.527164,0,0,.26430929,-.0053911908,.56,55.527164,55.527164
37,2008,0,,,55.686905,0,0,.26430929,-.0053911908,.63999999,55.686905,55.686905
37,2009,0,,,56.169426,0,0,.26430929,-.0053911908,.72000003,56.169426,56.169426
37,2010,0,,,56.067341,0,0,.26430929,-.0053911908,.80000001,56.067341,56.067341
37,2011,0,,,56.314285,0,0,.26430929,-.0053911908,.88,56.314285,56.314285
37,2012,0,,,55.275784,0,0,.26430929,-.0053911908,.95999998,55.275784,55.275784
37,2013,0,,,56.211315,0,0,.26430929,-.0053911908,1.04,56.211315,56.211315
37,2014,0,,,55.940563,0,0,.26430929,-.0053911908,1.12,55.940563,55.940563
37,2015,0,,,55.769932,0,0,.26430929,-.0053911908,1.2,55.769932,55.769932
37,2016,0,,,56.403065,0,0,.26430929,-.0053911908,1.28,56.403065,56.403065
37,2017,0,,,56.760963,0,0,.26430929,-.0053911908,1.36,56.760963,56.760963
37,2018,0,,,56.526089,0,0,.26430929,-.0053911908,1.4400001,56.526089,56.526089
37,2019,0,,,57.359562,0,0,.26430929,-.0053911908,1.52,57.359562,57.359562
38,2000,0,,,54.608032,0,0,.016541651,-.0085126851,0,54.608032,54.608032
38,2001,0,,,55.682648,0,0,.016541651,-.0085126851,.079999998,55.682648,55.682648
38,2002,0,,,55.018364,0,0,.016541651,-.0085126851,.16,55.018364,55.018364
38,2003,0,,,54.758915,0,0,.016541651,-.0085126851,.23999999,54.758915,54.758915
38,2004,0,,,56.043274,0,0,.016541651,-.0085126851,.31999999,56.043274,56.043274
38,2005,0,,,55.370125,0,0,.016541651,-.0085126851,.40000001,55.370125,55.370125
38,2006,0,,,55.267708,0,0,.016541651,-.0085126851,.47999999,55.267708,55.267708
38,2007,0,,,55.797352,0,0,.016541651,-.0085126851,.56,55.797352,55.797352
38,2008,0,,,54.393154,0,0,.016541651,-.0085126851,.63999999,54.393154,54.393154
38,2009,0,,,56.070889,0,0,.016541651,-.0085126851,.72000003,56.070889,56.070889
38,2010,0,,,55.425842,0,0,.016541651,-.0085126851,.80000001,55.425842,55.425842
38,2011,0,,,54.862434,0,0,.016541651,-.0085126851,.88,54.862434,54.862434
38,2012,0,,,55.898354,0,0,.016541651,-.0085126851,.95999998,55.898354,55.898354
38,2013,0,,,55.65646,0,0,.016541651,-.0085126851,1.04,55.65646,55.65646
38,2014,0,,,56.046391,0,0,.016541651,-.0085126851,1.12,56.046391,56.046391
38,2015,0,,,55.239868,0,0,.016541651,-.0085126851,1.2,55.239868,55.239868
38,2016,0,,,55.982708,0,0,.016541651,-.0085126851,1.28,55.982708,55.982708
38,2017,0,,,55.733307,0,0,.016541651,-.0085126851,1.36,55.733307,55.733307
38,2018,0,,,56.571602,0,0,.016541651,-.0085126851,1.4400001,56.571602,56.571602
38,2019,0,,,57.527512,0,0,.016541651,-.0085126851,1.52,57.527512,57.527512
39,2000,0,,,54.506989,0,0,-.67614084,-.034303918,0,54.506989,54.506989
39,2001,0,,,55.358219,0,0,-.67614084,-.034303918,.079999998,55.358219,55.358219
39,2002,0,,,54.645775,0,0,-.67614084,-.034303918,.16,54.645775,54.645775
39,2003,0,,,55.077053,0,0,-.67614084,-.034303918,.23999999,55.077053,55.077053
39,2004,0,,,54.766239,0,0,-.67614084,-.034303918,.31999999,54.766239,54.766239
39,2005,0,,,54.563007,0,0,-.67614084,-.034303918,.40000001,54.563007,54.563007
39,2006,0,,,53.358849,0,0,-.67614084,-.034303918,.47999999,53.358849,53.358849
39,2007,0,,,54.690231,0,0,-.67614084,-.034303918,.56,54.690231,54.690231
39,2008,0,,,54.4534,0,0,-.67614084,-.034303918,.63999999,54.4534,54.4534
39,2009,0,,,54.55714,0,0,-.67614084,-.034303918,.72000003,54.55714,54.55714
39,2010,0,,,54.831013,0,0,-.67614084,-.034303918,.80000001,54.831013,54.831013
39,2011,0,,,54.673725,0,0,-.67614084,-.034303918,.88,54.673725,54.673725
39,2012,0,,,55.263348,0,0,-.67614084,-.034303918,.95999998,55.263348,55.263348
39,2013,0,,,55.307835,0,0,-.67614084,-.034303918,1.04,55.307835,55.307835
39,2014,0,,,54.761654,0,0,-.67614084,-.034303918,1.12,54.761654,54.761654
39,2015,0,,,55.289555,0,0,-.67614084,-.034303918,1.2,55.289555,55.289555
39,2016,0,,,54.712425,0,0,-.67614084,-.034303918,1.28,54.712425,54.712425
39,2017,0,,,54.867081,0,0,-.67614084,-.034303918,1.36,54.867081,54.867081
39,2018,0,,,55.137589,0,0,-.67614084,-.034303918,1.4400001,55.137589,55.137589
39,2019,0,,,54.627483,0,0,-.67614084,-.034303918,1.52,54.627483,54.627483
40,2000,0,,,52.777893,0,0,-1.692035,-.02198144,0,52.777893,52.777893
40,2001,0,,,53.528912,0,0,-1.692035,-.02198144,.079999998,53.528912,53.528912
40,2002,0,,,52.772736,0,0,-1.692035,-.02198144,.16,52.772736,52.772736
40,2003,0,,,53.24205,0,0,-1.692035,-.02198144,.23999999,53.24205,53.24205
40,2004,0,,,52.809189,0,0,-1.692035,-.02198144,.31999999,52.809189,52.809189
40,2005,0,,,54.213421,0,0,-1.692035,-.02198144,.40000001,54.213421,54.213421
40,2006,0,,,54.055077,0,0,-1.692035,-.02198144,.47999999,54.055077,54.055077
40,2007,0,,,53.291943,0,0,-1.692035,-.02198144,.56,53.291943,53.291943
40,2008,0,,,54.475113,0,0,-1.692035,-.02198144,.63999999,54.475113,54.475113
40,2009,0,,,54.390625,0,0,-1.692035,-.02198144,.72000003,54.390625,54.390625
40,2010,0,,,52.563808,0,0,-1.692035,-.02198144,.80000001,52.563808,52.563808
40,2011,0,,,55.614075,0,0,-1.692035,-.02198144,.88,55.614075,55.614075
40,2012,0,,,54.119526,0,0,-1.692035,-.02198144,.95999998,54.119526,54.119526
40,2013,0,,,54.0821,0,0,-1.692035,-.02198144,1.04,54.0821,54.0821
40,2014,0,,,54.527424,0,0,-1.692035,-.02198144,1.12,54.527424,54.527424
40,2015,0,,,54.402992,0,0,-1.692035,-.02198144,1.2,54.402992,54.402992
40,2016,0,,,54.38015,0,0,-1.692035,-.02198144,1.28,54.38015,54.38015
40,2017,0,,,54.624702,0,0,-1.692035,-.02198144,1.36,54.624702,54.624702
40,2018,0,,,54.8839,0,0,-1.692035,-.02198144,1.4400001,54.8839,54.8839
40,2019,0,,,54.974068,0,0,-1.692035,-.02198144,1.52,54.974068,54.974068
41,2000,0,,,56.940014,0,0,1.5861044,.010764723,0,56.940014,56.940014
41,2001,0,,,55.885593,0,0,1.5861044,.010764723,.079999998,55.885593,55.885593
41,2002,0,,,56.77647,0,0,1.5861044,.010764723,.16,56.77647,56.77647
41,2003,0,,,56.747402,0,0,1.5861044,.010764723,.23999999,56.747402,56.747402
41,2004,0,,,57.749695,0,0,1.5861044,.010764723,.31999999,57.749695,57.749695
41,2005,0,,,57.306801,0,0,1.5861044,.010764723,.40000001,57.306801,57.306801
41,2006,0,,,57.498398,0,0,1.5861044,.010764723,.47999999,57.498398,57.498398
41,2007,0,,,57.310562,0,0,1.5861044,.010764723,.56,57.310562,57.310562
41,2008,0,,,57.200863,0,0,1.5861044,.010764723,.63999999,57.200863,57.200863
41,2009,0,,,57.671772,0,0,1.5861044,.010764723,.72000003,57.671772,57.671772
41,2010,0,,,56.02932,0,0,1.5861044,.010764723,.80000001,56.02932,56.02932
41,2011,0,,,57.124218,0,0,1.5861044,.010764723,.88,57.124218,57.124218
41,2012,0,,,57.841354,0,0,1.5861044,.010764723,.95999998,57.841354,57.841354
41,2013,0,,,57.235828,0,0,1.5861044,.010764723,1.04,57.235828,57.235828
41,2014,0,,,58.397224,0,0,1.5861044,.010764723,1.12,58.397224,58.397224
41,2015,0,,,58.623074,0,0,1.5861044,.010764723,1.2,58.623074,58.623074
41,2016,0,,,58.7411,0,0,1.5861044,.010764723,1.28,58.7411,58.7411
41,2017,0,,,57.452156,0,0,1.5861044,.010764723,1.36,57.452156,57.452156
41,2018,0,,,58.014927,0,0,1.5861044,.010764723,1.4400001,58.014927,58.014927
41,2019,0,,,58.274956,0,0,1.5861044,.010764723,1.52,58.274956,58.274956
42,2000,0,,,50.46225,0,0,-3.5761983,-.0096070822,0,50.46225,50.46225
42,2001,0,,,52.100643,0,0,-3.5761983,-.0096070822,.079999998,52.100643,52.100643
42,2002,0,,,52.181473,0,0,-3.5761983,-.0096070822,.16,52.181473,52.181473
42,2003,0,,,52.116573,0,0,-3.5761983,-.0096070822,.23999999,52.116573,52.116573
42,2004,0,,,51.172276,0,0,-3.5761983,-.0096070822,.31999999,51.172276,51.172276
42,2005,0,,,51.994293,0,0,-3.5761983,-.0096070822,.40000001,51.994293,51.994293
42,2006,0,,,50.986893,0,0,-3.5761983,-.0096070822,.47999999,50.986893,50.986893
42,2007,0,,,51.84211,0,0,-3.5761983,-.0096070822,.56,51.84211,51.84211
42,2008,0,,,51.361546,0,0,-3.5761983,-.0096070822,.63999999,51.361546,51.361546
42,2009,0,,,51.997101,0,0,-3.5761983,-.0096070822,.72000003,51.997101,51.997101
42,2010,0,,,51.563839,0,0,-3.5761983,-.0096070822,.80000001,51.563839,51.563839
42,2011,0,,,52.511497,0,0,-3.5761983,-.0096070822,.88,52.511497,52.511497
42,2012,0,,,51.379128,0,0,-3.5761983,-.0096070822,.95999998,51.379128,51.379128
42,2013,0,,,52.852211,0,0,-3.5761983,-.0096070822,1.04,52.852211,52.852211
42,2014,0,,,52.840252,0,0,-3.5761983,-.0096070822,1.12,52.840252,52.840252
42,2015,0,,,52.315113,0,0,-3.5761983,-.0096070822,1.2,52.315113,52.315113
42,2016,0,,,53.320332,0,0,-3.5761983,-.0096070822,1.28,53.320332,53.320332
42,2017,0,,,52.141651,0,0,-3.5761983,-.0096070822,1.36,52.141651,52.141651
42,2018,0,,,52.755135,0,0,-3.5761983,-.0096070822,1.4400001,52.755135,52.755135
42,2019,0,,,52.707474,0,0,-3.5761983,-.0096070822,1.52,52.707474,52.707474
43,2000,0,,,54.685707,0,0,-.53302652,.0048035323,0,54.685707,54.685707
43,2001,0,,,54.550045,0,0,-.53302652,.0048035323,.079999998,54.550045,54.550045
43,2002,0,,,54.879551,0,0,-.53302652,.0048035323,.16,54.879551,54.879551
43,2003,0,,,55.789967,0,0,-.53302652,.0048035323,.23999999,55.789967,55.789967
43,2004,0,,,55.65826,0,0,-.53302652,.0048035323,.31999999,55.65826,55.65826
43,2005,0,,,54.738293,0,0,-.53302652,.0048035323,.40000001,54.738293,54.738293
43,2006,0,,,53.902115,0,0,-.53302652,.0048035323,.47999999,53.902115,53.902115
43,2007,0,,,55.39061,0,0,-.53302652,.0048035323,.56,55.39061,55.39061
43,2008,0,,,55.890465,0,0,-.53302652,.0048035323,.63999999,55.890465,55.890465
43,2009,0,,,55.431435,0,0,-.53302652,.0048035323,.72000003,55.431435,55.431435
43,2010,0,,,55.503357,0,0,-.53302652,.0048035323,.80000001,55.503357,55.503357
43,2011,0,,,54.893559,0,0,-.53302652,.0048035323,.88,54.893559,54.893559
43,2012,0,,,55.563694,0,0,-.53302652,.0048035323,.95999998,55.563694,55.563694
43,2013,0,,,56.107304,0,0,-.53302652,.0048035323,1.04,56.107304,56.107304
43,2014,0,,,55.369465,0,0,-.53302652,.0048035323,1.12,55.369465,55.369465
43,2015,0,,,55.490051,0,0,-.53302652,.0048035323,1.2,55.490051,55.490051
43,2016,0,,,55.921257,0,0,-.53302652,.0048035323,1.28,55.921257,55.921257
43,2017,0,,,55.741699,0,0,-.53302652,.0048035323,1.36,55.741699,55.741699
43,2018,0,,,57.141312,0,0,-.53302652,.0048035323,1.4400001,57.141312,57.141312
43,2019,0,,,54.8288,0,0,-.53302652,.0048035323,1.52,54.8288,54.8288
44,2000,0,,,52.666012,0,0,-2.466064,.0073676175,0,52.666012,52.666012
44,2001,0,,,52.870636,0,0,-2.466064,.0073676175,.079999998,52.870636,52.870636
44,2002,0,,,51.995441,0,0,-2.466064,.0073676175,.16,51.995441,51.995441
44,2003,0,,,52.911095,0,0,-2.466064,.0073676175,.23999999,52.911095,52.911095
44,2004,0,,,54.087872,0,0,-2.466064,.0073676175,.31999999,54.087872,54.087872
44,2005,0,,,53.078255,0,0,-2.466064,.0073676175,.40000001,53.078255,53.078255
44,2006,0,,,52.301399,0,0,-2.466064,.0073676175,.47999999,52.301399,52.301399
44,2007,0,,,52.569283,0,0,-2.466064,.0073676175,.56,52.569283,52.569283
44,2008,0,,,51.886494,0,0,-2.466064,.0073676175,.63999999,51.886494,51.886494
44,2009,0,,,54.22847,0,0,-2.466064,.0073676175,.72000003,54.22847,54.22847
44,2010,0,,,52.559738,0,0,-2.466064,.0073676175,.80000001,52.559738,52.559738
44,2011,0,,,54.10099,0,0,-2.466064,.0073676175,.88,54.10099,54.10099
44,2012,0,,,53.667881,0,0,-2.466064,.0073676175,.95999998,53.667881,53.667881
44,2013,0,,,53.903515,0,0,-2.466064,.0073676175,1.04,53.903515,53.903515
44,2014,0,,,54.559933,0,0,-2.466064,.0073676175,1.12,54.559933,54.559933
44,2015,0,,,53.665966,0,0,-2.466064,.0073676175,1.2,53.665966,53.665966
44,2016,0,,,53.056713,0,0,-2.466064,.0073676175,1.28,53.056713,53.056713
44,2017,0,,,53.283176,0,0,-2.466064,.0073676175,1.36,53.283176,53.283176
44,2018,0,,,53.989799,0,0,-2.466064,.0073676175,1.4400001,53.989799,53.989799
44,2019,0,,,54.870853,0,0,-2.466064,.0073676175,1.52,54.870853,54.870853
45,2000,0,,,54.086941,0,0,-1.5704238,.011763592,0,54.086941,54.086941
45,2001,0,,,53.145477,0,0,-1.5704238,.011763592,.079999998,53.145477,53.145477
45,2002,0,,,53.847202,0,0,-1.5704238,.011763592,.16,53.847202,53.847202
45,2003,0,,,53.695328,0,0,-1.5704238,.011763592,.23999999,53.695328,53.695328
45,2004,0,,,53.057571,0,0,-1.5704238,.011763592,.31999999,53.057571,53.057571
45,2005,0,,,54.347633,0,0,-1.5704238,.011763592,.40000001,54.347633,54.347633
45,2006,0,,,53.777393,0,0,-1.5704238,.011763592,.47999999,53.777393,53.777393
45,2007,0,,,54.222786,0,0,-1.5704238,.011763592,.56,54.222786,54.222786
45,2008,0,,,54.623833,0,0,-1.5704238,.011763592,.63999999,54.623833,54.623833
45,2009,0,,,54.473419,0,0,-1.5704238,.011763592,.72000003,54.473419,54.473419
45,2010,0,,,53.914104,0,0,-1.5704238,.011763592,.80000001,53.914104,53.914104
45,2011,0,,,55.469624,0,0,-1.5704238,.011763592,.88,55.469624,55.469624
45,2012,0,,,54.274155,0,0,-1.5704238,.011763592,.95999998,54.274155,54.274155
45,2013,0,,,54.444595,0,0,-1.5704238,.011763592,1.04,54.444595,54.444595
45,2014,0,,,53.985386,0,0,-1.5704238,.011763592,1.12,53.985386,53.985386
45,2015,0,,,55.534943,0,0,-1.5704238,.011763592,1.2,55.534943,55.534943
45,2016,0,,,55.560764,0,0,-1.5704238,.011763592,1.28,55.560764,55.560764
45,2017,0,,,54.927616,0,0,-1.5704238,.011763592,1.36,54.927616,54.927616
45,2018,0,,,55.40398,0,0,-1.5704238,.011763592,1.4400001,55.40398,55.40398
45,2019,0,,,55.371231,0,0,-1.5704238,.011763592,1.52,55.371231,55.371231
46,2000,0,,,53.721519,0,0,-2.0113819,.011973211,0,53.721519,53.721519
46,2001,0,,,53.698139,0,0,-2.0113819,.011973211,.079999998,53.698139,53.698139
46,2002,0,,,53.167381,0,0,-2.0113819,.011973211,.16,53.167381,53.167381
46,2003,0,,,53.709679,0,0,-2.0113819,.011973211,.23999999,53.709679,53.709679
46,2004,0,,,54.011127,0,0,-2.0113819,.011973211,.31999999,54.011127,54.011127
46,2005,0,,,53.726967,0,0,-2.0113819,.011973211,.40000001,53.726967,53.726967
46,2006,0,,,53.379749,0,0,-2.0113819,.011973211,.47999999,53.379749,53.379749
46,2007,0,,,54.172001,0,0,-2.0113819,.011973211,.56,54.172001,54.172001
46,2008,0,,,54.578091,0,0,-2.0113819,.011973211,.63999999,54.578091,54.578091
46,2009,0,,,53.743847,0,0,-2.0113819,.011973211,.72000003,53.743847,53.743847
46,2010,0,,,55.396412,0,0,-2.0113819,.011973211,.80000001,55.396412,55.396412
46,2011,0,,,53.208385,0,0,-2.0113819,.011973211,.88,53.208385,53.208385
46,2012,0,,,54.992638,0,0,-2.0113819,.011973211,.95999998,54.992638,54.992638
46,2013,0,,,54.037312,0,0,-2.0113819,.011973211,1.04,54.037312,54.037312
46,2014,0,,,52.646732,0,0,-2.0113819,.011973211,1.12,52.646732,52.646732
46,2015,0,,,55.082897,0,0,-2.0113819,.011973211,1.2,55.082897,55.082897
46,2016,0,,,54.372673,0,0,-2.0113819,.011973211,1.28,54.372673,54.372673
46,2017,0,,,53.749157,0,0,-2.0113819,.011973211,1.36,53.749157,53.749157
46,2018,0,,,54.908165,0,0,-2.0113819,.011973211,1.4400001,54.908165,54.908165
46,2019,0,,,55.1022,0,0,-2.0113819,.011973211,1.52,55.1022,55.1022
47,2000,0,,,55.602787,0,0,.57588124,.00062370108,0,55.602787,55.602787
47,2001,0,,,54.613235,0,0,.57588124,.00062370108,.079999998,54.613235,54.613235
47,2002,0,,,56.834743,0,0,.57588124,.00062370108,.16,56.834743,56.834743
47,2003,0,,,56.338051,0,0,.57588124,.00062370108,.23999999,56.338051,56.338051
47,2004,0,,,55.784786,0,0,.57588124,.00062370108,.31999999,55.784786,55.784786
47,2005,0,,,55.802494,0,0,.57588124,.00062370108,.40000001,55.802494,55.802494
47,2006,0,,,56.123817,0,0,.57588124,.00062370108,.47999999,56.123817,56.123817
47,2007,0,,,55.605602,0,0,.57588124,.00062370108,.56,55.605602,55.605602
47,2008,0,,,55.793358,0,0,.57588124,.00062370108,.63999999,55.793358,55.793358
47,2009,0,,,55.537483,0,0,.57588124,.00062370108,.72000003,55.537483,55.537483
47,2010,0,,,56.524696,0,0,.57588124,.00062370108,.80000001,56.524696,56.524696
47,2011,0,,,56.44075,0,0,.57588124,.00062370108,.88,56.44075,56.44075
47,2012,0,,,56.299923,0,0,.57588124,.00062370108,.95999998,56.299923,56.299923
47,2013,0,,,57.174118,0,0,.57588124,.00062370108,1.04,57.174118,57.174118
47,2014,0,,,56.467384,0,0,.57588124,.00062370108,1.12,56.467384,56.467384
47,2015,0,,,57.963562,0,0,.57588124,.00062370108,1.2,57.963562,57.963562
47,2016,0,,,56.872734,0,0,.57588124,.00062370108,1.28,56.872734,56.872734
47,2017,0,,,55.476704,0,0,.57588124,.00062370108,1.36,55.476704,55.476704
47,2018,0,,,57.208584,0,0,.57588124,.00062370108,1.4400001,57.208584,57.208584
47,2019,0,,,56.944523,0,0,.57588124,.00062370108,1.52,56.944523,56.944523
48,2000,0,,,52.57616,0,0,-1.4032941,.038860414,0,52.57616,52.57616
48,2001,0,,,53.007267,0,0,-1.4032941,.038860414,.079999998,53.007267,53.007267
48,2002,0,,,52.985168,0,0,-1.4032941,.038860414,.16,52.985168,52.985168
48,2003,0,,,53.803165,0,0,-1.4032941,.038860414,.23999999,53.803165,53.803165
48,2004,0,,,53.418663,0,0,-1.4032941,.038860414,.31999999,53.418663,53.418663
48,2005,0,,,53.708279,0,0,-1.4032941,.038860414,.40000001,53.708279,53.708279
48,2006,0,,,54.339699,0,0,-1.4032941,.038860414,.47999999,54.339699,54.339699
48,2007,0,,,54.575245,0,0,-1.4032941,.038860414,.56,54.575245,54.575245
48,2008,0,,,54.362053,0,0,-1.4032941,.038860414,.63999999,54.362053,54.362053
48,2009,0,,,54.766106,0,0,-1.4032941,.038860414,.72000003,54.766106,54.766106
48,2010,0,,,55.579414,0,0,-1.4032941,.038860414,.80000001,55.579414,55.579414
48,2011,0,,,54.841908,0,0,-1.4032941,.038860414,.88,54.841908,54.841908
48,2012,0,,,55.288887,0,0,-1.4032941,.038860414,.95999998,55.288887,55.288887
48,2013,0,,,56.007378,0,0,-1.4032941,.038860414,1.04,56.007378,56.007378
48,2014,0,,,55.712711,0,0,-1.4032941,.038860414,1.12,55.712711,55.712711
48,2015,0,,,54.78656,0,0,-1.4032941,.038860414,1.2,54.78656,54.78656
48,2016,0,,,55.311562,0,0,-1.4032941,.038860414,1.28,55.311562,55.311562
48,2017,0,,,55.200977,0,0,-1.4032941,.038860414,1.36,55.200977,55.200977
48,2018,0,,,56.42728,0,0,-1.4032941,.038860414,1.4400001,56.42728,56.42728
48,2019,0,,,55.411186,0,0,-1.4032941,.038860414,1.52,55.411186,55.411186
49,2000,0,,,53.825039,0,0,-.85808408,.011486948,0,53.825039,53.825039
49,2001,0,,,54.11055,0,0,-.85808408,.011486948,.079999998,54.11055,54.11055
49,2002,0,,,54.519417,0,0,-.85808408,.011486948,.16,54.519417,54.519417
49,2003,0,,,54.784874,0,0,-.85808408,.011486948,.23999999,54.784874,54.784874
49,2004,0,,,54.650879,0,0,-.85808408,.011486948,.31999999,54.650879,54.650879
49,2005,0,,,55.894348,0,0,-.85808408,.011486948,.40000001,55.894348,55.894348
49,2006,0,,,54.977512,0,0,-.85808408,.011486948,.47999999,54.977512,54.977512
49,2007,0,,,54.59618,0,0,-.85808408,.011486948,.56,54.59618,54.59618
49,2008,0,,,54.94339,0,0,-.85808408,.011486948,.63999999,54.94339,54.94339
49,2009,0,,,54.89056,0,0,-.85808408,.011486948,.72000003,54.89056,54.89056
49,2010,0,,,55.970928,0,0,-.85808408,.011486948,.80000001,55.970928,55.970928
49,2011,0,,,54.606255,0,0,-.85808408,.011486948,.88,54.606255,54.606255
49,2012,0,,,54.389008,0,0,-.85808408,.011486948,.95999998,54.389008,54.389008
49,2013,0,,,55.542545,0,0,-.85808408,.011486948,1.04,55.542545,55.542545
49,2014,0,,,54.88633,0,0,-.85808408,.011486948,1.12,54.88633,54.88633
49,2015,0,,,55.590874,0,0,-.85808408,.011486948,1.2,55.590874,55.590874
49,2016,0,,,55.403511,0,0,-.85808408,.011486948,1.28,55.403511,55.403511
49,2017,0,,,55.3419,0,0,-.85808408,.011486948,1.36,55.3419,55.3419
49,2018,0,,,56.712955,0,0,-.85808408,.011486948,1.4400001,56.712955,56.712955
49,2019,0,,,55.801746,0,0,-.85808408,.011486948,1.52,55.801746,55.801746
50,2000,0,,,55.486263,0,0,.35599369,.030656831,0,55.486263,55.486263
50,2001,0,,,56.211433,0,0,.35599369,.030656831,.079999998,56.211433,56.211433
50,2002,0,,,55.861279,0,0,.35599369,.030656831,.16,55.861279,55.861279
50,2003,0,,,55.529007,0,0,.35599369,.030656831,.23999999,55.529007,55.529007
50,2004,0,,,56.561245,0,0,.35599369,.030656831,.31999999,56.561245,56.561245
50,2005,0,,,55.275955,0,0,.35599369,.030656831,.40000001,55.275955,55.275955
50,2006,0,,,56.602257,0,0,.35599369,.030656831,.47999999,56.602257,56.602257
50,2007,0,,,56.819237,0,0,.35599369,.030656831,.56,56.819237,56.819237
50,2008,0,,,55.933113,0,0,.35599369,.030656831,.63999999,55.933113,55.933113
50,2009,0,,,56.642395,0,0,.35599369,.030656831,.72000003,56.642395,56.642395
50,2010,0,,,56.823666,0,0,.35599369,.030656831,.80000001,56.823666,56.823666
50,2011,0,,,57.022064,0,0,.35599369,.030656831,.88,57.022064,57.022064
50,2012,0,,,57.467609,0,0,.35599369,.030656831,.95999998,57.467609,57.467609
50,2013,0,,,56.530514,0,0,.35599369,.030656831,1.04,56.530514,56.530514
50,2014,0,,,56.988533,0,0,.35599369,.030656831,1.12,56.988533,56.988533
50,2015,0,,,56.960468,0,0,.35599369,.030656831,1.2,56.960468,56.960468
50,2016,0,,,57.10936,0,0,.35599369,.030656831,1.28,57.10936,57.10936
50,2017,0,,,55.788216,0,0,.35599369,.030656831,1.36,55.788216,55.788216
50,2018,0,,,57.436897,0,0,.35599369,.030656831,1.4400001,57.436897,57.436897
50,2019,0,,,57.097652,0,0,.35599369,.030656831,1.52,57.097652,57.097652
